2026-03-09 18:26:08,139  INFO      Loading BMU classification...
2026-03-09 18:26:08,152  INFO      Loaded 1056 BMUs
2026-03-09 18:26:08,152  INFO      Building unit lookup tables...
2026-03-09 18:26:08,391  INFO      Classified 1056 units
2026-03-09 18:26:08,393  INFO      ======================================================================
2026-03-09 18:26:08,396  INFO      Rerunning IV clearing ONLY: 2024-01-01 → 2024-12-31  (366 days)
2026-03-09 18:26:08,396  INFO      Excluded BMUs: ['DRAXX-5', 'DRAXX-6']
2026-03-09 18:26:08,396  INFO      ======================================================================
2026-03-09 18:26:10,192  INFO      [1/366]  2024-01-01  OK  (163 actions, 9326 MWh, 0:00:01.796435)
2026-03-09 18:26:12,177  INFO      [2/366]  2024-01-02  OK  (331 actions, 18388 MWh, 0:00:01.985314)
2026-03-09 18:26:13,168  INFO      [3/366]  2024-01-03  OK  (27 actions, 743 MWh, 0:00:00.990971)
2026-03-09 18:26:14,612  INFO      [4/366]  2024-01-04  OK  (143 actions, 16571 MWh, 0:00:01.442389)
2026-03-09 18:26:15,533  INFO      [5/366]  2024-01-05  OK  (0 actions, 0 MWh, 0:00:00.921353)
2026-03-09 18:26:16,720  INFO      [6/366]  2024-01-06  OK  (110 actions, 5365 MWh, 0:00:01.186563)
2026-03-09 18:26:18,817  INFO      [7/366]  2024-01-07  OK  (297 actions, 24490 MWh, 0:00:02.091612)
2026-03-09 18:26:19,836  INFO      [8/366]  2024-01-08  OK  (8 actions, 157 MWh, 0:00:01.018987)
2026-03-09 18:26:20,747  INFO      [9/366]  2024-01-09  OK  (51 actions, 4595 MWh, 0:00:00.910276)
2026-03-09 18:26:22,036  INFO      [10/366]  2024-01-10  OK  (124 actions, 6262 MWh, 0:00:01.289109)
2026-03-09 18:26:23,171  INFO      [11/366]  2024-01-11  OK  (66 actions, 1013 MWh, 0:00:01.132580)
2026-03-09 18:26:24,622  INFO      [12/366]  2024-01-12  OK  (210 actions, 10813 MWh, 0:00:01.451363)
2026-03-09 18:26:27,801  INFO      [13/366]  2024-01-13  OK  (683 actions, 59563 MWh, 0:00:03.178306)
2026-03-09 18:26:28,956  INFO      [14/366]  2024-01-14  OK  (93 actions, 8213 MWh, 0:00:01.155530)
2026-03-09 18:26:30,459  INFO      [15/366]  2024-01-15  OK  (173 actions, 15503 MWh, 0:00:01.500935)
2026-03-09 18:26:31,311  INFO      [16/366]  2024-01-16  OK  (19 actions, 1129 MWh, 0:00:00.851898)
2026-03-09 18:26:32,534  INFO      [17/366]  2024-01-17  OK  (57 actions, 3966 MWh, 0:00:01.223456)
2026-03-09 18:26:35,317  INFO      [18/366]  2024-01-18  OK  (357 actions, 41237 MWh, 0:00:02.782956)
2026-03-09 18:26:38,240  INFO      [19/366]  2024-01-19  OK  (677 actions, 75539 MWh, 0:00:02.921216)
2026-03-09 18:26:41,547  INFO      [20/366]  2024-01-20  OK  (790 actions, 102577 MWh, 0:00:03.307088)
2026-03-09 18:26:44,532  INFO      [21/366]  2024-01-21  OK  (664 actions, 81729 MWh, 0:00:02.984756)
2026-03-09 18:26:46,962  INFO      [22/366]  2024-01-22  OK  (462 actions, 84390 MWh, 0:00:02.429974)
2026-03-09 18:26:49,904  INFO      [23/366]  2024-01-23  OK  (419 actions, 77197 MWh, 0:00:02.940564)
2026-03-09 18:26:52,492  INFO      [24/366]  2024-01-24  OK  (497 actions, 68329 MWh, 0:00:02.587515)
2026-03-09 18:26:55,114  INFO      [25/366]  2024-01-25  OK  (415 actions, 50875 MWh, 0:00:02.621691)
2026-03-09 18:26:58,535  INFO      [26/366]  2024-01-26  OK  (840 actions, 115881 MWh, 0:00:03.420121)
2026-03-09 18:27:03,324  INFO      [27/366]  2024-01-27  OK  (1101 actions, 142131 MWh, 0:00:04.788320)
2026-03-09 18:27:07,930  INFO      [28/366]  2024-01-28  OK  (1279 actions, 127327 MWh, 0:00:04.606139)
2026-03-09 18:27:09,420  INFO      [29/366]  2024-01-29  OK  (84 actions, 1630 MWh, 0:00:01.489224)
2026-03-09 18:27:11,289  INFO      [30/366]  2024-01-30  OK  (178 actions, 22272 MWh, 0:00:01.868406)
2026-03-09 18:27:15,887  INFO      [31/366]  2024-01-31  OK  (1036 actions, 125099 MWh, 0:00:04.598257)
2026-03-09 18:27:18,128  INFO      [32/366]  2024-02-01  OK  (247 actions, 21513 MWh, 0:00:02.237816)
2026-03-09 18:27:23,302  INFO      [33/366]  2024-02-02  OK  (1278 actions, 127419 MWh, 0:00:05.173579)
2026-03-09 18:27:27,823  INFO      [34/366]  2024-02-03  OK  (1358 actions, 161994 MWh, 0:00:04.519452)
2026-03-09 18:27:31,857  INFO      [35/366]  2024-02-04  OK  (1038 actions, 105362 MWh, 0:00:04.033726)
2026-03-09 18:27:34,697  INFO      [36/366]  2024-02-05  OK  (524 actions, 52517 MWh, 0:00:02.840117)
2026-03-09 18:27:37,151  INFO      [37/366]  2024-02-06  OK  (537 actions, 72945 MWh, 0:00:02.446014)
2026-03-09 18:27:38,396  INFO      [38/366]  2024-02-07  OK  (81 actions, 10337 MWh, 0:00:01.245458)
2026-03-09 18:27:39,642  INFO      [39/366]  2024-02-08  OK  (127 actions, 12572 MWh, 0:00:01.245790)
2026-03-09 18:27:42,617  INFO      [40/366]  2024-02-09  OK  (623 actions, 94000 MWh, 0:00:02.974620)
2026-03-09 18:27:44,585  INFO      [41/366]  2024-02-10  OK  (254 actions, 27895 MWh, 0:00:01.966320)
2026-03-09 18:27:45,989  INFO      [42/366]  2024-02-11  OK  (107 actions, 6491 MWh, 0:00:01.404078)
2026-03-09 18:27:47,466  INFO      [43/366]  2024-02-12  OK  (129 actions, 17901 MWh, 0:00:01.477089)
2026-03-09 18:27:49,177  INFO      [44/366]  2024-02-13  OK  (223 actions, 29284 MWh, 0:00:01.710930)
2026-03-09 18:27:50,495  INFO      [45/366]  2024-02-14  OK  (162 actions, 9985 MWh, 0:00:01.316421)
2026-03-09 18:27:51,562  INFO      [46/366]  2024-02-15  OK  (64 actions, 3146 MWh, 0:00:01.067434)
2026-03-09 18:27:53,232  INFO      [47/366]  2024-02-16  OK  (230 actions, 24471 MWh, 0:00:01.669801)
2026-03-09 18:27:54,927  INFO      [48/366]  2024-02-17  OK  (195 actions, 17535 MWh, 0:00:01.694209)
2026-03-09 18:27:56,330  INFO      [49/366]  2024-02-18  OK  (168 actions, 12454 MWh, 0:00:01.403736)
2026-03-09 18:27:58,349  INFO      [50/366]  2024-02-19  OK  (337 actions, 31243 MWh, 0:00:02.017395)
2026-03-09 18:28:01,499  INFO      [51/366]  2024-02-20  OK  (662 actions, 89673 MWh, 0:00:03.148371)
2026-03-09 18:28:04,354  INFO      [52/366]  2024-02-21  OK  (683 actions, 72380 MWh, 0:00:02.853091)
2026-03-09 18:28:05,975  INFO      [53/366]  2024-02-22  OK  (267 actions, 30642 MWh, 0:00:01.620627)
2026-03-09 18:28:06,972  INFO      [54/366]  2024-02-23  OK  (154 actions, 8450 MWh, 0:00:00.988648)
2026-03-09 18:28:08,501  INFO      [55/366]  2024-02-24  OK  (258 actions, 29093 MWh, 0:00:01.528937)
2026-03-09 18:28:10,007  INFO      [56/366]  2024-02-25  OK  (184 actions, 20328 MWh, 0:00:01.506375)
2026-03-09 18:28:12,271  INFO      [57/366]  2024-02-26  OK  (306 actions, 55862 MWh, 0:00:02.262290)
2026-03-09 18:28:14,807  INFO      [58/366]  2024-02-27  OK  (526 actions, 95989 MWh, 0:00:02.535436)
2026-03-09 18:28:17,719  INFO      [59/366]  2024-02-28  OK  (558 actions, 107508 MWh, 0:00:02.912378)
2026-03-09 18:28:20,676  INFO      [60/366]  2024-02-29  OK  (624 actions, 104900 MWh, 0:00:02.956437)
2026-03-09 18:28:21,891  INFO      [61/366]  2024-03-01  OK  (50 actions, 3552 MWh, 0:00:01.212150)
2026-03-09 18:28:22,854  INFO      [62/366]  2024-03-02  OK  (51 actions, 4414 MWh, 0:00:00.963070)
2026-03-09 18:28:24,552  INFO      [63/366]  2024-03-03  OK  (204 actions, 28504 MWh, 0:00:01.697925)
2026-03-09 18:28:26,994  INFO      [64/366]  2024-03-04  OK  (384 actions, 53277 MWh, 0:00:02.439793)
2026-03-09 18:28:29,401  INFO      [65/366]  2024-03-05  OK  (419 actions, 76542 MWh, 0:00:02.406570)
2026-03-09 18:28:30,726  INFO      [66/366]  2024-03-06  OK  (117 actions, 13356 MWh, 0:00:01.323605)
2026-03-09 18:28:33,618  INFO      [67/366]  2024-03-07  OK  (531 actions, 58130 MWh, 0:00:02.892693)
2026-03-09 18:28:36,112  INFO      [68/366]  2024-03-08  OK  (460 actions, 59182 MWh, 0:00:02.491752)
2026-03-09 18:28:40,859  INFO      [69/366]  2024-03-09  OK  (640 actions, 57701 MWh, 0:00:04.747072)
2026-03-09 18:28:46,017  INFO      [70/366]  2024-03-10  OK  (928 actions, 104588 MWh, 0:00:05.158427)
2026-03-09 18:28:47,180  INFO      [71/366]  2024-03-11  OK  (233 actions, 12160 MWh, 0:00:01.160413)
2026-03-09 18:28:49,974  INFO      [72/366]  2024-03-12  OK  (301 actions, 24706 MWh, 0:00:02.791026)
2026-03-09 18:28:55,158  INFO      [73/366]  2024-03-13  OK  (982 actions, 131562 MWh, 0:00:05.182529)
2026-03-09 18:28:57,659  INFO      [74/366]  2024-03-14  OK  (447 actions, 33375 MWh, 0:00:02.493571)
2026-03-09 18:29:01,185  INFO      [75/366]  2024-03-15  OK  (634 actions, 44446 MWh, 0:00:03.525113)
2026-03-09 18:29:04,481  INFO      [76/366]  2024-03-16  OK  (685 actions, 58149 MWh, 0:00:03.294097)
2026-03-09 18:29:07,377  INFO      [77/366]  2024-03-17  OK  (528 actions, 28188 MWh, 0:00:02.896445)
2026-03-09 18:29:10,028  INFO      [78/366]  2024-03-18  OK  (547 actions, 67263 MWh, 0:00:02.650309)
2026-03-09 18:29:14,268  INFO      [79/366]  2024-03-19  OK  (980 actions, 91988 MWh, 0:00:04.238613)
2026-03-09 18:29:17,868  INFO      [80/366]  2024-03-20  OK  (633 actions, 42440 MWh, 0:00:03.599484)
2026-03-09 18:29:22,744  INFO      [81/366]  2024-03-21  OK  (957 actions, 149891 MWh, 0:00:04.876123)
2026-03-09 18:29:29,690  INFO      [82/366]  2024-03-22  OK  (1795 actions, 165819 MWh, 0:00:06.944470)
2026-03-09 18:29:35,569  INFO      [83/366]  2024-03-23  OK  (1553 actions, 116309 MWh, 0:00:05.877211)
2026-03-09 18:29:37,467  INFO      [84/366]  2024-03-24  OK  (483 actions, 33070 MWh, 0:00:01.895177)
2026-03-09 18:29:38,487  INFO      [85/366]  2024-03-25  OK  (122 actions, 10323 MWh, 0:00:01.019680)
2026-03-09 18:29:39,565  INFO      [86/366]  2024-03-26  OK  (182 actions, 18821 MWh, 0:00:01.078702)
2026-03-09 18:29:41,109  INFO      [87/366]  2024-03-27  OK  (373 actions, 32191 MWh, 0:00:01.538929)
2026-03-09 18:29:42,972  INFO      [88/366]  2024-03-28  OK  (369 actions, 39307 MWh, 0:00:01.860773)
2026-03-09 18:29:44,385  INFO      [89/366]  2024-03-29  OK  (260 actions, 11645 MWh, 0:00:01.412895)
2026-03-09 18:29:45,254  INFO      [90/366]  2024-03-30  OK  (68 actions, 3062 MWh, 0:00:00.868102)
2026-03-09 18:29:46,274  INFO      [91/366]  2024-03-31  OK  (171 actions, 9395 MWh, 0:00:01.019758)
2026-03-09 18:29:47,092  INFO      [92/366]  2024-04-01  OK  (64 actions, 5062 MWh, 0:00:00.815777)
2026-03-09 18:29:48,114  INFO      [93/366]  2024-04-02  OK  (109 actions, 9887 MWh, 0:00:01.022282)
2026-03-09 18:29:49,762  INFO      [94/366]  2024-04-03  OK  (345 actions, 40507 MWh, 0:00:01.646389)
2026-03-09 18:29:50,455  INFO      [95/366]  2024-04-04  OK  (28 actions, 1090 MWh, 0:00:00.692411)
2026-03-09 18:29:52,186  INFO      [96/366]  2024-04-05  OK  (472 actions, 23198 MWh, 0:00:01.731229)
2026-03-09 18:29:56,051  INFO      [97/366]  2024-04-06  OK  (1375 actions, 97302 MWh, 0:00:03.865439)
2026-03-09 18:29:59,876  INFO      [98/366]  2024-04-07  OK  (1368 actions, 101623 MWh, 0:00:03.824620)
2026-03-09 18:30:01,808  INFO      [99/366]  2024-04-08  OK  (556 actions, 60919 MWh, 0:00:01.932152)
2026-03-09 18:30:04,118  INFO      [100/366]  2024-04-09  OK  (746 actions, 53823 MWh, 0:00:02.304733)
2026-03-09 18:30:05,902  INFO      [101/366]  2024-04-10  OK  (474 actions, 42180 MWh, 0:00:01.783974)
2026-03-09 18:30:09,198  INFO      [102/366]  2024-04-11  OK  (1119 actions, 93566 MWh, 0:00:03.292991)
2026-03-09 18:30:12,847  INFO      [103/366]  2024-04-12  OK  (1347 actions, 105234 MWh, 0:00:03.649337)
2026-03-09 18:30:17,051  INFO      [104/366]  2024-04-13  OK  (1579 actions, 131989 MWh, 0:00:04.201444)
2026-03-09 18:30:20,764  INFO      [105/366]  2024-04-14  OK  (1359 actions, 118093 MWh, 0:00:03.705650)
2026-03-09 18:30:23,941  INFO      [106/366]  2024-04-15  OK  (1175 actions, 89065 MWh, 0:00:03.175521)
2026-03-09 18:30:26,389  INFO      [107/366]  2024-04-16  OK  (728 actions, 72586 MWh, 0:00:02.447597)
2026-03-09 18:30:27,639  INFO      [108/366]  2024-04-17  OK  (242 actions, 35009 MWh, 0:00:01.250549)
2026-03-09 18:30:29,278  INFO      [109/366]  2024-04-18  OK  (420 actions, 56089 MWh, 0:00:01.636453)
2026-03-09 18:30:32,550  INFO      [110/366]  2024-04-19  OK  (1072 actions, 87747 MWh, 0:00:03.272163)
2026-03-09 18:30:33,519  INFO      [111/366]  2024-04-20  OK  (128 actions, 5092 MWh, 0:00:00.966994)
2026-03-09 18:30:35,600  INFO      [112/366]  2024-04-21  OK  (526 actions, 24103 MWh, 0:00:02.080892)
2026-03-09 18:30:37,509  INFO      [113/366]  2024-04-22  OK  (225 actions, 25132 MWh, 0:00:01.909961)
2026-03-09 18:30:38,602  INFO      [114/366]  2024-04-23  OK  (124 actions, 13751 MWh, 0:00:01.088610)
2026-03-09 18:30:39,523  INFO      [115/366]  2024-04-24  OK  (80 actions, 6815 MWh, 0:00:00.920703)
2026-03-09 18:30:40,627  INFO      [116/366]  2024-04-25  OK  (142 actions, 12644 MWh, 0:00:01.094337)
2026-03-09 18:30:41,303  INFO      [117/366]  2024-04-26  OK  (2 actions, 50 MWh, 0:00:00.675299)
2026-03-09 18:30:42,241  INFO      [118/366]  2024-04-27  OK  (2 actions, 15 MWh, 0:00:00.937736)
2026-03-09 18:30:44,290  INFO      [119/366]  2024-04-28  OK  (551 actions, 45816 MWh, 0:00:02.049254)
2026-03-09 18:30:47,321  INFO      [120/366]  2024-04-29  OK  (986 actions, 108694 MWh, 0:00:03.028044)
2026-03-09 18:30:50,235  INFO      [121/366]  2024-04-30  OK  (966 actions, 91957 MWh, 0:00:02.913672)
2026-03-09 18:30:51,028  INFO      [122/366]  2024-05-01  OK  (77 actions, 4912 MWh, 0:00:00.793361)
2026-03-09 18:30:52,484  INFO      [123/366]  2024-05-02  OK  (290 actions, 27558 MWh, 0:00:01.455576)
2026-03-09 18:30:53,360  INFO      [124/366]  2024-05-03  OK  (53 actions, 3300 MWh, 0:00:00.876239)
2026-03-09 18:30:54,233  INFO      [125/366]  2024-05-04  OK  (67 actions, 3161 MWh, 0:00:00.873480)
2026-03-09 18:30:55,712  INFO      [126/366]  2024-05-05  OK  (328 actions, 17660 MWh, 0:00:01.478239)
2026-03-09 18:30:56,501  INFO      [127/366]  2024-05-06  OK  (13 actions, 211 MWh, 0:00:00.789089)
2026-03-09 18:30:58,080  INFO      [128/366]  2024-05-07  OK  (278 actions, 24417 MWh, 0:00:01.578960)
2026-03-09 18:30:59,034  INFO      [129/366]  2024-05-08  OK  (106 actions, 15973 MWh, 0:00:00.953620)
2026-03-09 18:31:00,020  INFO      [130/366]  2024-05-09  OK  (141 actions, 23785 MWh, 0:00:00.985522)
2026-03-09 18:31:00,665  INFO      [131/366]  2024-05-10  OK  (2 actions, 18 MWh, 0:00:00.644642)
2026-03-09 18:31:01,682  INFO      [132/366]  2024-05-11  OK  (137 actions, 17198 MWh, 0:00:01.016538)
2026-03-09 18:31:03,992  INFO      [133/366]  2024-05-12  OK  (628 actions, 48179 MWh, 0:00:02.310205)
2026-03-09 18:31:04,917  INFO      [134/366]  2024-05-13  OK  (104 actions, 15350 MWh, 0:00:00.920653)
2026-03-09 18:31:05,826  INFO      [135/366]  2024-05-14  OK  (89 actions, 8668 MWh, 0:00:00.908637)
2026-03-09 18:31:06,507  INFO      [136/366]  2024-05-15  OK  (6 actions, 147 MWh, 0:00:00.663967)
2026-03-09 18:31:07,142  INFO      [137/366]  2024-05-16  OK  (8 actions, 92 MWh, 0:00:00.634358)
2026-03-09 18:31:07,800  INFO      [138/366]  2024-05-17  OK  (10 actions, 90 MWh, 0:00:00.654731)
2026-03-09 18:31:08,663  INFO      [139/366]  2024-05-18  OK  (69 actions, 147 MWh, 0:00:00.863235)
2026-03-09 18:31:09,896  INFO      [140/366]  2024-05-19  OK  (174 actions, 11707 MWh, 0:00:01.228544)
2026-03-09 18:31:10,737  INFO      [141/366]  2024-05-20  OK  (0 actions, 0 MWh, 0:00:00.841222)
2026-03-09 18:31:11,452  INFO      [142/366]  2024-05-21  OK  (5 actions, 54 MWh, 0:00:00.712498)
2026-03-09 18:31:13,910  INFO      [143/366]  2024-05-22  OK  (810 actions, 60982 MWh, 0:00:02.458132)
2026-03-09 18:31:15,944  INFO      [144/366]  2024-05-23  OK  (496 actions, 28237 MWh, 0:00:02.033982)
2026-03-09 18:31:16,568  INFO      [145/366]  2024-05-24  OK  (0 actions, 0 MWh, 0:00:00.623295)
2026-03-09 18:31:17,222  INFO      [146/366]  2024-05-25  OK  (9 actions, 244 MWh, 0:00:00.654050)
2026-03-09 18:31:17,971  INFO      [147/366]  2024-05-26  OK  (58 actions, 4831 MWh, 0:00:00.749160)
2026-03-09 18:31:18,661  INFO      [148/366]  2024-05-27  OK  (21 actions, 662 MWh, 0:00:00.687628)
2026-03-09 18:31:19,760  INFO      [149/366]  2024-05-28  OK  (155 actions, 10683 MWh, 0:00:01.094120)
2026-03-09 18:31:20,586  INFO      [150/366]  2024-05-29  OK  (90 actions, 6400 MWh, 0:00:00.825332)
2026-03-09 18:31:22,671  INFO      [151/366]  2024-05-30  OK  (496 actions, 46169 MWh, 0:00:02.085131)
2026-03-09 18:31:23,507  INFO      [152/366]  2024-05-31  OK  (65 actions, 2898 MWh, 0:00:00.831824)
2026-03-09 18:31:24,294  INFO      [153/366]  2024-06-01  OK  (41 actions, 935 MWh, 0:00:00.786838)
2026-03-09 18:31:25,561  INFO      [154/366]  2024-06-02  OK  (280 actions, 27853 MWh, 0:00:01.267381)
2026-03-09 18:31:27,623  INFO      [155/366]  2024-06-03  OK  (439 actions, 65496 MWh, 0:00:02.053375)
2026-03-09 18:31:29,963  INFO      [156/366]  2024-06-04  OK  (737 actions, 129480 MWh, 0:00:02.340136)
2026-03-09 18:31:33,699  INFO      [157/366]  2024-06-05  OK  (552 actions, 63771 MWh, 0:00:03.730324)
2026-03-09 18:31:35,672  INFO      [158/366]  2024-06-06  OK  (114 actions, 15140 MWh, 0:00:01.966493)
2026-03-09 18:31:40,004  INFO      [159/366]  2024-06-07  OK  (711 actions, 67789 MWh, 0:00:04.331472)
2026-03-09 18:31:47,085  INFO      [160/366]  2024-06-08  OK  (1407 actions, 140644 MWh, 0:00:07.081381)
2026-03-09 18:31:51,609  INFO      [161/366]  2024-06-09  OK  (716 actions, 46103 MWh, 0:00:04.524020)
2026-03-09 18:31:56,254  INFO      [162/366]  2024-06-10  OK  (771 actions, 73067 MWh, 0:00:04.644827)
2026-03-09 18:31:59,180  INFO      [163/366]  2024-06-11  OK  (376 actions, 47382 MWh, 0:00:02.925590)
2026-03-09 18:32:03,370  INFO      [164/366]  2024-06-12  OK  (624 actions, 45464 MWh, 0:00:04.190919)
2026-03-09 18:32:05,129  INFO      [165/366]  2024-06-13  OK  (138 actions, 27508 MWh, 0:00:01.758149)
2026-03-09 18:32:07,710  INFO      [166/366]  2024-06-14  OK  (269 actions, 32792 MWh, 0:00:02.579585)
2026-03-09 18:32:11,581  INFO      [167/366]  2024-06-15  OK  (583 actions, 42208 MWh, 0:00:03.870422)
2026-03-09 18:32:14,139  INFO      [168/366]  2024-06-16  OK  (297 actions, 19750 MWh, 0:00:02.557990)
2026-03-09 18:32:15,374  INFO      [169/366]  2024-06-17  OK  (31 actions, 1331 MWh, 0:00:01.235720)
2026-03-09 18:32:16,936  INFO      [170/366]  2024-06-18  OK  (45 actions, 2522 MWh, 0:00:01.561384)
2026-03-09 18:32:19,487  INFO      [171/366]  2024-06-19  OK  (270 actions, 27831 MWh, 0:00:02.548004)
2026-03-09 18:32:21,489  INFO      [172/366]  2024-06-20  OK  (149 actions, 11214 MWh, 0:00:01.999265)
2026-03-09 18:32:23,329  INFO      [173/366]  2024-06-21  OK  (109 actions, 9463 MWh, 0:00:01.836922)
2026-03-09 18:32:24,969  INFO      [174/366]  2024-06-22  OK  (105 actions, 17349 MWh, 0:00:01.640042)
2026-03-09 18:32:26,726  INFO      [175/366]  2024-06-23  OK  (122 actions, 9947 MWh, 0:00:01.757123)
2026-03-09 18:32:28,558  INFO      [176/366]  2024-06-24  OK  (115 actions, 5135 MWh, 0:00:01.829855)
2026-03-09 18:32:29,773  INFO      [177/366]  2024-06-25  OK  (19 actions, 608 MWh, 0:00:01.215135)
2026-03-09 18:32:31,717  INFO      [178/366]  2024-06-26  OK  (118 actions, 18817 MWh, 0:00:01.943713)
2026-03-09 18:32:37,737  INFO      [179/366]  2024-06-27  OK  (1024 actions, 138119 MWh, 0:00:06.020334)
2026-03-09 18:32:45,400  INFO      [180/366]  2024-06-28  OK  (1493 actions, 169278 MWh, 0:00:07.662548)
2026-03-09 18:32:49,213  INFO      [181/366]  2024-06-29  OK  (507 actions, 65468 MWh, 0:00:03.809613)
2026-03-09 18:32:50,573  INFO      [182/366]  2024-06-30  OK  (35 actions, 1571 MWh, 0:00:01.359473)
2026-03-09 18:32:52,601  INFO      [183/366]  2024-07-01  OK  (186 actions, 21589 MWh, 0:00:02.024932)
2026-03-09 18:32:54,697  INFO      [184/366]  2024-07-02  OK  (174 actions, 9851 MWh, 0:00:02.096122)
2026-03-09 18:33:00,484  INFO      [185/366]  2024-07-03  OK  (998 actions, 75836 MWh, 0:00:05.778796)
2026-03-09 18:33:08,265  INFO      [186/366]  2024-07-04  OK  (1496 actions, 124448 MWh, 0:00:07.770245)
2026-03-09 18:33:14,030  INFO      [187/366]  2024-07-05  OK  (1078 actions, 88142 MWh, 0:00:05.764541)
2026-03-09 18:33:16,044  INFO      [188/366]  2024-07-06  OK  (181 actions, 6556 MWh, 0:00:02.014350)
2026-03-09 18:33:17,549  INFO      [189/366]  2024-07-07  OK  (52 actions, 2065 MWh, 0:00:01.505377)
2026-03-09 18:33:18,741  INFO      [190/366]  2024-07-08  OK  (13 actions, 492 MWh, 0:00:01.191928)
2026-03-09 18:33:20,316  INFO      [191/366]  2024-07-09  OK  (89 actions, 8392 MWh, 0:00:01.572675)
2026-03-09 18:33:23,293  INFO      [192/366]  2024-07-10  OK  (348 actions, 61511 MWh, 0:00:02.977357)
2026-03-09 18:33:26,061  INFO      [193/366]  2024-07-11  OK  (351 actions, 52333 MWh, 0:00:02.767453)
2026-03-09 18:33:27,290  INFO      [194/366]  2024-07-12  OK  (0 actions, 0 MWh, 0:00:01.229063)
2026-03-09 18:33:28,988  INFO      [195/366]  2024-07-13  OK  (98 actions, 8471 MWh, 0:00:01.693899)
2026-03-09 18:33:31,739  INFO      [196/366]  2024-07-14  OK  (331 actions, 30827 MWh, 0:00:02.751383)
2026-03-09 18:33:33,413  INFO      [197/366]  2024-07-15  OK  (93 actions, 5561 MWh, 0:00:01.668909)
2026-03-09 18:33:34,555  INFO      [198/366]  2024-07-16  OK  (12 actions, 421 MWh, 0:00:01.138929)
2026-03-09 18:33:35,988  INFO      [199/366]  2024-07-17  OK  (57 actions, 5178 MWh, 0:00:01.433074)
2026-03-09 18:33:38,992  INFO      [200/366]  2024-07-18  OK  (339 actions, 36118 MWh, 0:00:03.004782)
2026-03-09 18:33:41,477  INFO      [201/366]  2024-07-19  OK  (263 actions, 31140 MWh, 0:00:02.484726)
2026-03-09 18:33:43,171  INFO      [202/366]  2024-07-20  OK  (87 actions, 5509 MWh, 0:00:01.693821)
2026-03-09 18:33:45,511  INFO      [203/366]  2024-07-21  OK  (214 actions, 13825 MWh, 0:00:02.338538)
2026-03-09 18:33:46,800  INFO      [204/366]  2024-07-22  OK  (30 actions, 379 MWh, 0:00:01.288334)
2026-03-09 18:33:48,008  INFO      [205/366]  2024-07-23  OK  (18 actions, 425 MWh, 0:00:01.205614)
2026-03-09 18:33:50,296  INFO      [206/366]  2024-07-24  OK  (153 actions, 20670 MWh, 0:00:02.288347)
2026-03-09 18:33:52,122  INFO      [207/366]  2024-07-25  OK  (114 actions, 8110 MWh, 0:00:01.826019)
2026-03-09 18:33:53,451  INFO      [208/366]  2024-07-26  OK  (41 actions, 2451 MWh, 0:00:01.329080)
2026-03-09 18:33:54,594  INFO      [209/366]  2024-07-27  OK  (6 actions, 210 MWh, 0:00:01.138729)
2026-03-09 18:33:56,026  INFO      [210/366]  2024-07-28  OK  (29 actions, 2999 MWh, 0:00:01.432432)
2026-03-09 18:33:57,534  INFO      [211/366]  2024-07-29  OK  (75 actions, 7062 MWh, 0:00:01.507669)
2026-03-09 18:33:59,518  INFO      [212/366]  2024-07-30  OK  (168 actions, 24753 MWh, 0:00:01.983746)
2026-03-09 18:34:01,197  INFO      [213/366]  2024-07-31  OK  (60 actions, 2024 MWh, 0:00:01.679412)
2026-03-09 18:34:02,588  INFO      [214/366]  2024-08-01  OK  (50 actions, 4414 MWh, 0:00:01.390745)
2026-03-09 18:34:04,890  INFO      [215/366]  2024-08-02  OK  (227 actions, 36910 MWh, 0:00:02.301960)
2026-03-09 18:34:06,310  INFO      [216/366]  2024-08-03  OK  (18 actions, 949 MWh, 0:00:01.418587)
2026-03-09 18:34:10,377  INFO      [217/366]  2024-08-04  OK  (697 actions, 49643 MWh, 0:00:04.066391)
2026-03-09 18:34:16,003  INFO      [218/366]  2024-08-05  OK  (1023 actions, 64716 MWh, 0:00:05.626629)
2026-03-09 18:34:18,109  INFO      [219/366]  2024-08-06  OK  (178 actions, 19635 MWh, 0:00:02.105367)
2026-03-09 18:34:24,132  INFO      [220/366]  2024-08-07  OK  (1140 actions, 139379 MWh, 0:00:06.017375)
2026-03-09 18:34:27,538  INFO      [221/366]  2024-08-08  OK  (452 actions, 52852 MWh, 0:00:03.405151)
2026-03-09 18:34:35,188  INFO      [222/366]  2024-08-09  OK  (1628 actions, 159682 MWh, 0:00:07.649958)
2026-03-09 18:34:41,797  INFO      [223/366]  2024-08-10  OK  (1315 actions, 143866 MWh, 0:00:06.598675)
2026-03-09 18:34:43,940  INFO      [224/366]  2024-08-11  OK  (165 actions, 17612 MWh, 0:00:02.143271)
2026-03-09 18:34:50,117  INFO      [225/366]  2024-08-12  OK  (1107 actions, 85942 MWh, 0:00:06.167018)
2026-03-09 18:34:52,629  INFO      [226/366]  2024-08-13  OK  (301 actions, 44299 MWh, 0:00:02.511395)
2026-03-09 18:34:55,659  INFO      [227/366]  2024-08-14  OK  (367 actions, 50016 MWh, 0:00:03.028788)
2026-03-09 18:35:01,975  INFO      [228/366]  2024-08-15  OK  (1197 actions, 108868 MWh, 0:00:06.308066)
2026-03-09 18:35:06,756  INFO      [229/366]  2024-08-16  OK  (767 actions, 131085 MWh, 0:00:04.781453)
2026-03-09 18:35:11,113  INFO      [230/366]  2024-08-17  OK  (700 actions, 100525 MWh, 0:00:04.356426)
2026-03-09 18:35:16,718  INFO      [231/366]  2024-08-18  OK  (694 actions, 83935 MWh, 0:00:05.605303)
2026-03-09 18:35:20,754  INFO      [232/366]  2024-08-19  OK  (398 actions, 64660 MWh, 0:00:04.034560)
2026-03-09 18:35:27,571  INFO      [233/366]  2024-08-20  OK  (1098 actions, 126224 MWh, 0:00:06.817222)
2026-03-09 18:35:37,577  INFO      [234/366]  2024-08-21  OK  (1966 actions, 213788 MWh, 0:00:10.005500)
2026-03-09 18:35:49,249  INFO      [235/366]  2024-08-22  OK  (1845 actions, 223814 MWh, 0:00:11.669801)
2026-03-09 18:35:54,497  INFO      [236/366]  2024-08-23  OK  (912 actions, 98755 MWh, 0:00:05.247699)
2026-03-09 18:36:01,422  INFO      [237/366]  2024-08-24  OK  (1387 actions, 111672 MWh, 0:00:06.925509)
2026-03-09 18:36:09,370  INFO      [238/366]  2024-08-25  OK  (1666 actions, 135576 MWh, 0:00:07.947820)
2026-03-09 18:36:13,736  INFO      [239/366]  2024-08-26  OK  (740 actions, 45193 MWh, 0:00:04.364424)
2026-03-09 18:36:22,906  INFO      [240/366]  2024-08-27  OK  (1957 actions, 221533 MWh, 0:00:09.170311)
2026-03-09 18:36:27,014  INFO      [241/366]  2024-08-28  OK  (623 actions, 85170 MWh, 0:00:04.108187)
2026-03-09 18:36:30,176  INFO      [242/366]  2024-08-29  OK  (421 actions, 64779 MWh, 0:00:03.161824)
2026-03-09 18:36:33,888  INFO      [243/366]  2024-08-30  OK  (511 actions, 67272 MWh, 0:00:03.708478)
2026-03-09 18:36:36,901  INFO      [244/366]  2024-08-31  OK  (372 actions, 28626 MWh, 0:00:03.013111)
2026-03-09 18:36:40,479  INFO      [245/366]  2024-09-01  OK  (527 actions, 47383 MWh, 0:00:03.578147)
2026-03-09 18:36:42,307  INFO      [246/366]  2024-09-02  OK  (143 actions, 15716 MWh, 0:00:01.828204)
2026-03-09 18:36:43,924  INFO      [247/366]  2024-09-03  OK  (73 actions, 4330 MWh, 0:00:01.608818)
2026-03-09 18:36:45,423  INFO      [248/366]  2024-09-04  OK  (76 actions, 6349 MWh, 0:00:01.498872)
2026-03-09 18:36:47,677  INFO      [249/366]  2024-09-05  OK  (228 actions, 17448 MWh, 0:00:02.253736)
2026-03-09 18:36:50,472  INFO      [250/366]  2024-09-06  OK  (288 actions, 16534 MWh, 0:00:02.795253)
2026-03-09 18:36:51,507  INFO      [251/366]  2024-09-07  OK  (0 actions, 0 MWh, 0:00:01.033371)
2026-03-09 18:36:53,392  INFO      [252/366]  2024-09-08  OK  (150 actions, 11661 MWh, 0:00:01.885207)
2026-03-09 18:36:56,127  INFO      [253/366]  2024-09-09  OK  (295 actions, 31294 MWh, 0:00:02.735212)
2026-03-09 18:37:06,834  INFO      [254/366]  2024-09-10  OK  (2310 actions, 235639 MWh, 0:00:10.700627)
2026-03-09 18:37:12,615  INFO      [255/366]  2024-09-11  OK  (1067 actions, 108995 MWh, 0:00:05.781252)
2026-03-09 18:37:16,387  INFO      [256/366]  2024-09-12  OK  (584 actions, 72142 MWh, 0:00:03.772088)
2026-03-09 18:37:18,134  INFO      [257/366]  2024-09-13  OK  (113 actions, 16126 MWh, 0:00:01.743848)
2026-03-09 18:37:26,134  INFO      [258/366]  2024-09-14  OK  (1702 actions, 240738 MWh, 0:00:08.000387)
2026-03-09 18:37:29,786  INFO      [259/366]  2024-09-15  OK  (549 actions, 57834 MWh, 0:00:03.651711)
2026-03-09 18:37:31,621  INFO      [260/366]  2024-09-16  OK  (127 actions, 7859 MWh, 0:00:01.826594)
2026-03-09 18:37:33,335  INFO      [261/366]  2024-09-17  OK  (111 actions, 8509 MWh, 0:00:01.714223)
2026-03-09 18:37:35,032  INFO      [262/366]  2024-09-18  OK  (96 actions, 6100 MWh, 0:00:01.694937)
2026-03-09 18:37:36,829  INFO      [263/366]  2024-09-19  OK  (140 actions, 8726 MWh, 0:00:01.797183)
2026-03-09 18:37:38,244  INFO      [264/366]  2024-09-20  OK  (51 actions, 1553 MWh, 0:00:01.412400)
2026-03-09 18:37:39,412  INFO      [265/366]  2024-09-21  OK  (7 actions, 68 MWh, 0:00:01.167818)
2026-03-09 18:37:40,780  INFO      [266/366]  2024-09-22  OK  (3 actions, 57 MWh, 0:00:01.368237)
2026-03-09 18:37:42,451  INFO      [267/366]  2024-09-23  OK  (16 actions, 401 MWh, 0:00:01.670442)
2026-03-09 18:37:42,455  WARNING   [268/366]  2024-09-24  SKIP — missing inputs: ['IV_dispatch_changes_by_zone_and_SP_flex.csv']
2026-03-09 18:37:42,456  WARNING   [269/366]  2024-09-25  SKIP — missing inputs: ['IV_dispatch_changes_by_zone_and_SP_flex.csv']
2026-03-09 18:37:42,459  WARNING   [270/366]  2024-09-26  SKIP — missing inputs: ['IV_dispatch_changes_by_zone_and_SP_flex.csv']
2026-03-09 18:37:48,824  INFO      [271/366]  2024-09-27  OK  (779 actions, 106819 MWh, 0:00:06.365134)
2026-03-09 18:37:52,061  INFO      [272/366]  2024-09-28  OK  (400 actions, 23424 MWh, 0:00:03.237664)
2026-03-09 18:37:54,320  INFO      [273/366]  2024-09-29  OK  (231 actions, 19888 MWh, 0:00:02.254207)
2026-03-09 18:37:56,899  INFO      [274/366]  2024-09-30  OK  (231 actions, 17453 MWh, 0:00:02.576828)
2026-03-09 18:37:59,245  INFO      [275/366]  2024-10-01  OK  (115 actions, 13805 MWh, 0:00:02.346582)
2026-03-09 18:38:01,211  INFO      [276/366]  2024-10-02  OK  (90 actions, 2602 MWh, 0:00:01.963899)
2026-03-09 18:38:03,074  INFO      [277/366]  2024-10-03  OK  (106 actions, 13611 MWh, 0:00:01.860999)
2026-03-09 18:38:06,231  INFO      [278/366]  2024-10-04  OK  (496 actions, 76140 MWh, 0:00:03.156445)
2026-03-09 18:38:08,576  INFO      [279/366]  2024-10-05  OK  (368 actions, 51923 MWh, 0:00:02.344884)
2026-03-09 18:38:11,888  INFO      [280/366]  2024-10-06  OK  (567 actions, 48532 MWh, 0:00:03.310917)
2026-03-09 18:38:14,430  INFO      [281/366]  2024-10-07  OK  (381 actions, 35926 MWh, 0:00:02.542298)
2026-03-09 18:38:16,801  INFO      [282/366]  2024-10-08  OK  (196 actions, 33853 MWh, 0:00:02.364699)
2026-03-09 18:38:20,935  INFO      [283/366]  2024-10-09  OK  (812 actions, 157740 MWh, 0:00:04.133493)
2026-03-09 18:38:26,450  INFO      [284/366]  2024-10-10  OK  (283 actions, 43705 MWh, 0:00:05.510355)
2026-03-09 18:38:31,276  INFO      [285/366]  2024-10-11  OK  (402 actions, 72017 MWh, 0:00:04.822314)
2026-03-09 18:38:38,745  INFO      [286/366]  2024-10-12  OK  (822 actions, 98963 MWh, 0:00:07.469305)
2026-03-09 18:38:44,436  INFO      [287/366]  2024-10-13  OK  (783 actions, 46567 MWh, 0:00:05.690597)
2026-03-09 18:38:46,450  INFO      [288/366]  2024-10-14  OK  (83 actions, 10949 MWh, 0:00:02.013992)
2026-03-09 18:38:50,007  INFO      [289/366]  2024-10-15  OK  (376 actions, 64036 MWh, 0:00:03.555283)
2026-03-09 18:38:55,850  INFO      [290/366]  2024-10-16  OK  (809 actions, 101066 MWh, 0:00:05.839778)
2026-03-09 18:38:57,615  INFO      [291/366]  2024-10-17  OK  (80 actions, 8935 MWh, 0:00:01.765869)
2026-03-09 18:39:02,031  INFO      [292/366]  2024-10-18  OK  (548 actions, 98186 MWh, 0:00:04.415459)
2026-03-09 18:39:06,190  INFO      [293/366]  2024-10-19  OK  (482 actions, 47448 MWh, 0:00:04.155697)
2026-03-09 18:39:19,696  INFO      [294/366]  2024-10-20  OK  (2477 actions, 204752 MWh, 0:00:13.502058)
2026-03-09 18:39:28,331  INFO      [295/366]  2024-10-21  OK  (1323 actions, 142058 MWh, 0:00:08.629366)
2026-03-09 18:39:34,307  INFO      [296/366]  2024-10-22  OK  (811 actions, 111212 MWh, 0:00:05.973615)
2026-03-09 18:39:39,662  INFO      [297/366]  2024-10-23  OK  (818 actions, 121160 MWh, 0:00:05.351561)
2026-03-09 18:39:47,153  INFO      [298/366]  2024-10-24  OK  (1332 actions, 150708 MWh, 0:00:07.491068)
2026-03-09 18:39:49,810  INFO      [299/366]  2024-10-25  OK  (271 actions, 21676 MWh, 0:00:02.651239)
2026-03-09 18:39:54,166  INFO      [300/366]  2024-10-26  OK  (615 actions, 84484 MWh, 0:00:04.352921)
2026-03-09 18:39:59,540  INFO      [301/366]  2024-10-27  OK  (767 actions, 79768 MWh, 0:00:05.374545)
2026-03-09 18:40:02,929  INFO      [302/366]  2024-10-28  OK  (446 actions, 25170 MWh, 0:00:03.388570)
2026-03-09 18:40:06,813  INFO      [303/366]  2024-10-29  OK  (549 actions, 60435 MWh, 0:00:03.883670)
2026-03-09 18:40:11,855  INFO      [304/366]  2024-10-30  OK  (784 actions, 83034 MWh, 0:00:05.039640)
2026-03-09 18:40:16,644  INFO      [305/366]  2024-10-31  OK  (670 actions, 105874 MWh, 0:00:04.787759)
2026-03-09 18:40:20,912  INFO      [306/366]  2024-11-01  OK  (539 actions, 64038 MWh, 0:00:04.267407)
2026-03-09 18:40:24,142  INFO      [307/366]  2024-11-02  OK  (343 actions, 45221 MWh, 0:00:03.230382)
2026-03-09 18:40:27,315  INFO      [308/366]  2024-11-03  OK  (361 actions, 32386 MWh, 0:00:03.172895)
2026-03-09 18:40:28,627  INFO      [309/366]  2024-11-04  OK  (14 actions, 100 MWh, 0:00:01.311537)
2026-03-09 18:40:29,888  INFO      [310/366]  2024-11-05  OK  (12 actions, 112 MWh, 0:00:01.261606)
2026-03-09 18:40:32,154  INFO      [311/366]  2024-11-06  OK  (158 actions, 15311 MWh, 0:00:02.262685)
2026-03-09 18:40:35,269  INFO      [312/366]  2024-11-07  OK  (356 actions, 56413 MWh, 0:00:03.115021)
2026-03-09 18:40:39,983  INFO      [313/366]  2024-11-08  OK  (583 actions, 57766 MWh, 0:00:04.714766)
2026-03-09 18:40:44,719  INFO      [314/366]  2024-11-09  OK  (706 actions, 59000 MWh, 0:00:04.735703)
2026-03-09 18:40:48,154  INFO      [315/366]  2024-11-10  OK  (441 actions, 61039 MWh, 0:00:03.434541)
2026-03-09 18:40:50,060  INFO      [316/366]  2024-11-11  OK  (124 actions, 15066 MWh, 0:00:01.901785)
2026-03-09 18:40:52,148  INFO      [317/366]  2024-11-12  OK  (140 actions, 16791 MWh, 0:00:02.087647)
2026-03-09 18:40:55,097  INFO      [318/366]  2024-11-13  OK  (331 actions, 42347 MWh, 0:00:02.948781)
2026-03-09 18:40:58,664  INFO      [319/366]  2024-11-14  OK  (386 actions, 52127 MWh, 0:00:03.558902)
2026-03-09 18:41:03,321  INFO      [320/366]  2024-11-15  OK  (640 actions, 103739 MWh, 0:00:04.657318)
2026-03-09 18:41:10,915  INFO      [321/366]  2024-11-16  OK  (1335 actions, 161037 MWh, 0:00:07.594384)
2026-03-09 18:41:16,341  INFO      [322/366]  2024-11-17  OK  (874 actions, 87407 MWh, 0:00:05.425548)
2026-03-09 18:41:21,580  INFO      [323/366]  2024-11-18  OK  (733 actions, 100908 MWh, 0:00:05.234842)
2026-03-09 18:41:25,563  INFO      [324/366]  2024-11-19  OK  (480 actions, 67932 MWh, 0:00:03.982684)
2026-03-09 18:41:29,248  INFO      [325/366]  2024-11-20  OK  (406 actions, 57614 MWh, 0:00:03.681719)
2026-03-09 18:41:33,092  INFO      [326/366]  2024-11-21  OK  (479 actions, 66368 MWh, 0:00:03.844112)
2026-03-09 18:41:36,102  INFO      [327/366]  2024-11-22  OK  (306 actions, 34003 MWh, 0:00:03.010022)
2026-03-09 18:41:41,768  INFO      [328/366]  2024-11-23  OK  (914 actions, 112427 MWh, 0:00:05.666395)
2026-03-09 18:41:51,687  INFO      [329/366]  2024-11-24  OK  (1840 actions, 204117 MWh, 0:00:09.902253)
2026-03-09 18:42:00,287  INFO      [330/366]  2024-11-25  OK  (1489 actions, 211632 MWh, 0:00:08.597761)
2026-03-09 18:42:07,252  INFO      [331/366]  2024-11-26  OK  (917 actions, 108197 MWh, 0:00:06.965190)
2026-03-09 18:42:08,429  INFO      [332/366]  2024-11-27  OK  (0 actions, 0 MWh, 0:00:01.176596)
2026-03-09 18:42:11,113  INFO      [333/366]  2024-11-28  OK  (323 actions, 37482 MWh, 0:00:02.682654)
2026-03-09 18:42:16,443  INFO      [334/366]  2024-11-29  OK  (772 actions, 93589 MWh, 0:00:05.329513)
2026-03-09 18:42:22,856  INFO      [335/366]  2024-11-30  OK  (1045 actions, 123619 MWh, 0:00:06.412764)
2026-03-09 18:42:30,366  INFO      [336/366]  2024-12-01  OK  (910 actions, 97950 MWh, 0:00:07.501620)
2026-03-09 18:42:36,291  INFO      [337/366]  2024-12-02  OK  (638 actions, 83675 MWh, 0:00:05.923921)
2026-03-09 18:42:43,244  INFO      [338/366]  2024-12-03  OK  (1057 actions, 98839 MWh, 0:00:06.953582)
2026-03-09 18:42:46,196  INFO      [339/366]  2024-12-04  OK  (322 actions, 47154 MWh, 0:00:02.952084)
2026-03-09 18:42:50,604  INFO      [340/366]  2024-12-05  OK  (603 actions, 64464 MWh, 0:00:04.404628)
2026-03-09 18:42:55,943  INFO      [341/366]  2024-12-06  OK  (823 actions, 87096 MWh, 0:00:05.339711)
2026-03-09 18:43:03,965  INFO      [342/366]  2024-12-07  OK  (1343 actions, 182323 MWh, 0:00:08.021925)
2026-03-09 18:43:10,658  INFO      [343/366]  2024-12-08  OK  (1122 actions, 127940 MWh, 0:00:06.692342)
2026-03-09 18:43:14,413  INFO      [344/366]  2024-12-09  OK  (496 actions, 66856 MWh, 0:00:03.751977)
2026-03-09 18:43:17,027  INFO      [345/366]  2024-12-10  OK  (218 actions, 23329 MWh, 0:00:02.613720)
2026-03-09 18:43:18,405  INFO      [346/366]  2024-12-11  OK  (0 actions, 0 MWh, 0:00:01.378418)
2026-03-09 18:43:20,011  INFO      [347/366]  2024-12-12  OK  (31 actions, 439 MWh, 0:00:01.603672)
2026-03-09 18:43:21,400  INFO      [348/366]  2024-12-13  OK  (2 actions, 13 MWh, 0:00:01.389538)
2026-03-09 18:43:24,622  INFO      [349/366]  2024-12-14  OK  (312 actions, 21598 MWh, 0:00:03.221987)
2026-03-09 18:43:33,960  INFO      [350/366]  2024-12-15  OK  (1940 actions, 152521 MWh, 0:00:09.338155)
2026-03-09 18:43:40,906  INFO      [351/366]  2024-12-16  OK  (719 actions, 104969 MWh, 0:00:06.945653)
2026-03-09 18:43:48,610  INFO      [352/366]  2024-12-17  OK  (512 actions, 68054 MWh, 0:00:07.520306)
2026-03-09 18:44:01,380  INFO      [353/366]  2024-12-18  OK  (1235 actions, 158748 MWh, 0:00:12.769956)
2026-03-09 18:44:06,812  INFO      [354/366]  2024-12-19  OK  (565 actions, 89405 MWh, 0:00:05.429582)
2026-03-09 18:44:13,557  INFO      [355/366]  2024-12-20  OK  (735 actions, 108691 MWh, 0:00:06.745012)
2026-03-09 18:44:26,534  INFO      [356/366]  2024-12-21  OK  (2061 actions, 183683 MWh, 0:00:12.977392)
2026-03-09 18:44:37,019  INFO      [357/366]  2024-12-22  OK  (1739 actions, 173127 MWh, 0:00:10.484583)
2026-03-09 18:44:41,451  INFO      [358/366]  2024-12-23  OK  (431 actions, 42405 MWh, 0:00:04.431962)
2026-03-09 18:44:45,979  INFO      [359/366]  2024-12-24  OK  (896 actions, 108992 MWh, 0:00:04.528688)
2026-03-09 18:44:51,209  INFO      [360/366]  2024-12-25  OK  (1008 actions, 124732 MWh, 0:00:05.222183)
2026-03-09 18:44:54,216  INFO      [361/366]  2024-12-26  OK  (302 actions, 17062 MWh, 0:00:03.005112)
2026-03-09 18:44:55,774  INFO      [362/366]  2024-12-27  OK  (0 actions, 0 MWh, 0:00:01.558091)
2026-03-09 18:45:00,486  INFO      [363/366]  2024-12-28  OK  (413 actions, 53478 MWh, 0:00:04.703479)
2026-03-09 18:45:18,684  INFO      [364/366]  2024-12-29  OK  (1882 actions, 243308 MWh, 0:00:18.194165)
2026-03-09 18:45:28,513  INFO      [365/366]  2024-12-30  OK  (880 actions, 85352 MWh, 0:00:09.828560)
2026-03-09 18:45:50,419  INFO      [366/366]  2024-12-31  OK  (2202 actions, 206732 MWh, 0:00:21.903567)
2026-03-09 18:45:50,419  INFO      ======================================================================
2026-03-09 18:45:50,421  INFO      Finished.  Successes: 363  |  Failures: 0  |  Skipped: 3
2026-03-09 18:45:50,421  INFO      Skipped days (missing inputs): ['2024-09-24', '2024-09-25', '2024-09-26']
2026-03-09 18:45:50,421  INFO      ======================================================================
2026-03-09 20:40:20,065  INFO      Loading BMU classification...
2026-03-09 20:40:20,081  INFO      Loaded 1056 BMUs
2026-03-09 20:40:20,081  INFO      Building unit lookup tables...
2026-03-09 20:40:20,177  INFO      Classified 1056 units
2026-03-09 20:40:20,192  INFO      ======================================================================
2026-03-09 20:40:20,192  INFO      Rerunning IV clearing ONLY: 2024-01-01 → 2024-12-31  (366 days)
2026-03-09 20:40:20,192  INFO      Excluded BMUs: ['DRAXX-5', 'DRAXX-6']
2026-03-09 20:40:20,192  INFO      ======================================================================
2026-03-09 20:40:21,363  INFO      [1/366]  2024-01-01  OK  (163 actions, 9326 MWh, 0:00:01.170798)
2026-03-09 20:40:22,776  INFO      [2/366]  2024-01-02  OK  (331 actions, 18388 MWh, 0:00:01.412619)
2026-03-09 20:40:23,395  INFO      [3/366]  2024-01-03  OK  (27 actions, 743 MWh, 0:00:00.619120)
2026-03-09 20:40:24,127  INFO      [4/366]  2024-01-04  OK  (143 actions, 16571 MWh, 0:00:00.731826)
2026-03-09 20:40:24,523  INFO      [5/366]  2024-01-05  OK  (0 actions, 0 MWh, 0:00:00.396780)
2026-03-09 20:40:25,158  INFO      [6/366]  2024-01-06  OK  (110 actions, 5365 MWh, 0:00:00.618925)
2026-03-09 20:40:26,061  INFO      [7/366]  2024-01-07  OK  (297 actions, 24490 MWh, 0:00:00.903275)
2026-03-09 20:40:26,474  INFO      [8/366]  2024-01-08  OK  (8 actions, 157 MWh, 0:00:00.412250)
2026-03-09 20:40:26,979  INFO      [9/366]  2024-01-09  OK  (51 actions, 4595 MWh, 0:00:00.505576)
2026-03-09 20:40:27,653  INFO      [10/366]  2024-01-10  OK  (124 actions, 6262 MWh, 0:00:00.673372)
2026-03-09 20:40:28,190  INFO      [11/366]  2024-01-11  OK  (66 actions, 1013 MWh, 0:00:00.537103)
2026-03-09 20:40:28,958  INFO      [12/366]  2024-01-12  OK  (210 actions, 10813 MWh, 0:00:00.768626)
2026-03-09 20:40:30,462  INFO      [13/366]  2024-01-13  OK  (683 actions, 59563 MWh, 0:00:01.504050)
2026-03-09 20:40:31,066  INFO      [14/366]  2024-01-14  OK  (93 actions, 8213 MWh, 0:00:00.603905)
2026-03-09 20:40:31,805  INFO      [15/366]  2024-01-15  OK  (173 actions, 15503 MWh, 0:00:00.738584)
2026-03-09 20:40:32,240  INFO      [16/366]  2024-01-16  OK  (19 actions, 1129 MWh, 0:00:00.435268)
2026-03-09 20:40:32,782  INFO      [17/366]  2024-01-17  OK  (57 actions, 3966 MWh, 0:00:00.541555)
2026-03-09 20:40:33,818  INFO      [18/366]  2024-01-18  OK  (357 actions, 41237 MWh, 0:00:01.035741)
2026-03-09 20:40:35,206  INFO      [19/366]  2024-01-19  OK  (677 actions, 75539 MWh, 0:00:01.388847)
2026-03-09 20:40:36,910  INFO      [20/366]  2024-01-20  OK  (790 actions, 102577 MWh, 0:00:01.703445)
2026-03-09 20:40:38,797  INFO      [21/366]  2024-01-21  OK  (664 actions, 81729 MWh, 0:00:01.887048)
2026-03-09 20:40:40,183  INFO      [22/366]  2024-01-22  OK  (462 actions, 84390 MWh, 0:00:01.385984)
2026-03-09 20:40:41,627  INFO      [23/366]  2024-01-23  OK  (419 actions, 77197 MWh, 0:00:01.444361)
2026-03-09 20:40:43,026  INFO      [24/366]  2024-01-24  OK  (497 actions, 68329 MWh, 0:00:01.396942)
2026-03-09 20:40:44,328  INFO      [25/366]  2024-01-25  OK  (415 actions, 50875 MWh, 0:00:01.301510)
2026-03-09 20:40:46,264  INFO      [26/366]  2024-01-26  OK  (840 actions, 115881 MWh, 0:00:01.936151)
2026-03-09 20:40:48,344  INFO      [27/366]  2024-01-27  OK  (1101 actions, 142131 MWh, 0:00:02.080582)
2026-03-09 20:40:50,521  INFO      [28/366]  2024-01-28  OK  (1279 actions, 127327 MWh, 0:00:02.176853)
2026-03-09 20:40:51,184  INFO      [29/366]  2024-01-29  OK  (84 actions, 1630 MWh, 0:00:00.662720)
2026-03-09 20:40:51,889  INFO      [30/366]  2024-01-30  OK  (178 actions, 22272 MWh, 0:00:00.705122)
2026-03-09 20:40:53,821  INFO      [31/366]  2024-01-31  OK  (1036 actions, 125099 MWh, 0:00:01.931943)
2026-03-09 20:40:54,583  INFO      [32/366]  2024-02-01  OK  (247 actions, 21513 MWh, 0:00:00.761712)
2026-03-09 20:40:57,257  INFO      [33/366]  2024-02-02  OK  (1278 actions, 127419 MWh, 0:00:02.673980)
2026-03-09 20:40:59,513  INFO      [34/366]  2024-02-03  OK  (1358 actions, 161994 MWh, 0:00:02.255895)
2026-03-09 20:41:01,339  INFO      [35/366]  2024-02-04  OK  (1038 actions, 105362 MWh, 0:00:01.825895)
2026-03-09 20:41:02,595  INFO      [36/366]  2024-02-05  OK  (524 actions, 52517 MWh, 0:00:01.256263)
2026-03-09 20:41:03,771  INFO      [37/366]  2024-02-06  OK  (537 actions, 72945 MWh, 0:00:01.175980)
2026-03-09 20:41:04,275  INFO      [38/366]  2024-02-07  OK  (81 actions, 10337 MWh, 0:00:00.504635)
2026-03-09 20:41:04,861  INFO      [39/366]  2024-02-08  OK  (127 actions, 12572 MWh, 0:00:00.585172)
2026-03-09 20:41:06,169  INFO      [40/366]  2024-02-09  OK  (623 actions, 94000 MWh, 0:00:01.308610)
2026-03-09 20:41:06,993  INFO      [41/366]  2024-02-10  OK  (254 actions, 27895 MWh, 0:00:00.823892)
2026-03-09 20:41:07,596  INFO      [42/366]  2024-02-11  OK  (107 actions, 6491 MWh, 0:00:00.602947)
2026-03-09 20:41:08,183  INFO      [43/366]  2024-02-12  OK  (129 actions, 17901 MWh, 0:00:00.587020)
2026-03-09 20:41:08,927  INFO      [44/366]  2024-02-13  OK  (223 actions, 29284 MWh, 0:00:00.744183)
2026-03-09 20:41:09,581  INFO      [45/366]  2024-02-14  OK  (162 actions, 9985 MWh, 0:00:00.654070)
2026-03-09 20:41:10,083  INFO      [46/366]  2024-02-15  OK  (64 actions, 3146 MWh, 0:00:00.501554)
2026-03-09 20:41:10,852  INFO      [47/366]  2024-02-16  OK  (230 actions, 24471 MWh, 0:00:00.769085)
2026-03-09 20:41:11,550  INFO      [48/366]  2024-02-17  OK  (195 actions, 17535 MWh, 0:00:00.697334)
2026-03-09 20:41:12,233  INFO      [49/366]  2024-02-18  OK  (168 actions, 12454 MWh, 0:00:00.683173)
2026-03-09 20:41:13,140  INFO      [50/366]  2024-02-19  OK  (337 actions, 31243 MWh, 0:00:00.906834)
2026-03-09 20:41:14,567  INFO      [51/366]  2024-02-20  OK  (662 actions, 89673 MWh, 0:00:01.427450)
2026-03-09 20:41:16,094  INFO      [52/366]  2024-02-21  OK  (683 actions, 72380 MWh, 0:00:01.526737)
2026-03-09 20:41:16,949  INFO      [53/366]  2024-02-22  OK  (267 actions, 30642 MWh, 0:00:00.855534)
2026-03-09 20:41:17,645  INFO      [54/366]  2024-02-23  OK  (154 actions, 8450 MWh, 0:00:00.695447)
2026-03-09 20:41:18,505  INFO      [55/366]  2024-02-24  OK  (258 actions, 29093 MWh, 0:00:00.859985)
2026-03-09 20:41:19,207  INFO      [56/366]  2024-02-25  OK  (184 actions, 20328 MWh, 0:00:00.702338)
2026-03-09 20:41:20,162  INFO      [57/366]  2024-02-26  OK  (306 actions, 55862 MWh, 0:00:00.954394)
2026-03-09 20:41:21,385  INFO      [58/366]  2024-02-27  OK  (526 actions, 95989 MWh, 0:00:01.223239)
2026-03-09 20:41:22,659  INFO      [59/366]  2024-02-28  OK  (558 actions, 107508 MWh, 0:00:01.274628)
2026-03-09 20:41:23,997  INFO      [60/366]  2024-02-29  OK  (624 actions, 104900 MWh, 0:00:01.337535)
2026-03-09 20:41:24,460  INFO      [61/366]  2024-03-01  OK  (50 actions, 3552 MWh, 0:00:00.463549)
2026-03-09 20:41:24,922  INFO      [62/366]  2024-03-02  OK  (51 actions, 4414 MWh, 0:00:00.461985)
2026-03-09 20:41:25,669  INFO      [63/366]  2024-03-03  OK  (204 actions, 28504 MWh, 0:00:00.746344)
2026-03-09 20:41:26,717  INFO      [64/366]  2024-03-04  OK  (384 actions, 53277 MWh, 0:00:01.047712)
2026-03-09 20:41:27,780  INFO      [65/366]  2024-03-05  OK  (419 actions, 76542 MWh, 0:00:01.059984)
2026-03-09 20:41:28,369  INFO      [66/366]  2024-03-06  OK  (117 actions, 13356 MWh, 0:00:00.588835)
2026-03-09 20:41:29,595  INFO      [67/366]  2024-03-07  OK  (531 actions, 58130 MWh, 0:00:01.226525)
2026-03-09 20:41:30,704  INFO      [68/366]  2024-03-08  OK  (460 actions, 59182 MWh, 0:00:01.108339)
2026-03-09 20:41:32,052  INFO      [69/366]  2024-03-09  OK  (640 actions, 57701 MWh, 0:00:01.348470)
2026-03-09 20:41:33,818  INFO      [70/366]  2024-03-10  OK  (928 actions, 104588 MWh, 0:00:01.765993)
2026-03-09 20:41:34,557  INFO      [71/366]  2024-03-11  OK  (233 actions, 12160 MWh, 0:00:00.739277)
2026-03-09 20:41:35,431  INFO      [72/366]  2024-03-12  OK  (301 actions, 24706 MWh, 0:00:00.866962)
2026-03-09 20:41:37,478  INFO      [73/366]  2024-03-13  OK  (982 actions, 131562 MWh, 0:00:02.046571)
2026-03-09 20:41:38,584  INFO      [74/366]  2024-03-14  OK  (447 actions, 33375 MWh, 0:00:01.104211)
2026-03-09 20:41:39,979  INFO      [75/366]  2024-03-15  OK  (634 actions, 44446 MWh, 0:00:01.394912)
2026-03-09 20:41:41,452  INFO      [76/366]  2024-03-16  OK  (685 actions, 58149 MWh, 0:00:01.473008)
2026-03-09 20:41:42,650  INFO      [77/366]  2024-03-17  OK  (528 actions, 28188 MWh, 0:00:01.197662)
2026-03-09 20:41:43,794  INFO      [78/366]  2024-03-18  OK  (547 actions, 67263 MWh, 0:00:01.144061)
2026-03-09 20:41:45,605  INFO      [79/366]  2024-03-19  OK  (980 actions, 91988 MWh, 0:00:01.811445)
2026-03-09 20:41:46,932  INFO      [80/366]  2024-03-20  OK  (633 actions, 42440 MWh, 0:00:01.326877)
2026-03-09 20:41:48,720  INFO      [81/366]  2024-03-21  OK  (957 actions, 149891 MWh, 0:00:01.788351)
2026-03-09 20:41:51,478  INFO      [82/366]  2024-03-22  OK  (1795 actions, 165819 MWh, 0:00:02.757309)
2026-03-09 20:41:53,924  INFO      [83/366]  2024-03-23  OK  (1553 actions, 116309 MWh, 0:00:02.446639)
2026-03-09 20:41:55,083  INFO      [84/366]  2024-03-24  OK  (483 actions, 33070 MWh, 0:00:01.157282)
2026-03-09 20:41:55,729  INFO      [85/366]  2024-03-25  OK  (122 actions, 10323 MWh, 0:00:00.646887)
2026-03-09 20:41:56,398  INFO      [86/366]  2024-03-26  OK  (182 actions, 18821 MWh, 0:00:00.668619)
2026-03-09 20:41:57,368  INFO      [87/366]  2024-03-27  OK  (373 actions, 32191 MWh, 0:00:00.954260)
2026-03-09 20:41:58,434  INFO      [88/366]  2024-03-28  OK  (369 actions, 39307 MWh, 0:00:01.065590)
2026-03-09 20:41:59,213  INFO      [89/366]  2024-03-29  OK  (260 actions, 11645 MWh, 0:00:00.779167)
2026-03-09 20:41:59,700  INFO      [90/366]  2024-03-30  OK  (68 actions, 3062 MWh, 0:00:00.486857)
2026-03-09 20:42:00,378  INFO      [91/366]  2024-03-31  OK  (171 actions, 9395 MWh, 0:00:00.678447)
2026-03-09 20:42:00,873  INFO      [92/366]  2024-04-01  OK  (64 actions, 5062 MWh, 0:00:00.494850)
2026-03-09 20:42:01,459  INFO      [93/366]  2024-04-02  OK  (109 actions, 9887 MWh, 0:00:00.585953)
2026-03-09 20:42:02,448  INFO      [94/366]  2024-04-03  OK  (345 actions, 40507 MWh, 0:00:00.988558)
2026-03-09 20:42:02,876  INFO      [95/366]  2024-04-04  OK  (28 actions, 1090 MWh, 0:00:00.428106)
2026-03-09 20:42:04,010  INFO      [96/366]  2024-04-05  OK  (472 actions, 23198 MWh, 0:00:01.134364)
2026-03-09 20:42:06,231  INFO      [97/366]  2024-04-06  OK  (1375 actions, 97302 MWh, 0:00:02.221078)
2026-03-09 20:42:08,558  INFO      [98/366]  2024-04-07  OK  (1368 actions, 101623 MWh, 0:00:02.326735)
2026-03-09 20:42:09,821  INFO      [99/366]  2024-04-08  OK  (556 actions, 60919 MWh, 0:00:01.262576)
2026-03-09 20:42:11,244  INFO      [100/366]  2024-04-09  OK  (746 actions, 53823 MWh, 0:00:01.423212)
2026-03-09 20:42:12,319  INFO      [101/366]  2024-04-10  OK  (474 actions, 42180 MWh, 0:00:01.075512)
2026-03-09 20:42:14,313  INFO      [102/366]  2024-04-11  OK  (1119 actions, 93566 MWh, 0:00:01.993424)
2026-03-09 20:42:16,507  INFO      [103/366]  2024-04-12  OK  (1347 actions, 105234 MWh, 0:00:02.193845)
2026-03-09 20:42:18,936  INFO      [104/366]  2024-04-13  OK  (1579 actions, 131989 MWh, 0:00:02.429553)
2026-03-09 20:42:21,098  INFO      [105/366]  2024-04-14  OK  (1359 actions, 118093 MWh, 0:00:02.161837)
2026-03-09 20:42:23,089  INFO      [106/366]  2024-04-15  OK  (1175 actions, 89065 MWh, 0:00:01.991156)
2026-03-09 20:42:24,509  INFO      [107/366]  2024-04-16  OK  (728 actions, 72586 MWh, 0:00:01.420080)
2026-03-09 20:42:25,307  INFO      [108/366]  2024-04-17  OK  (242 actions, 35009 MWh, 0:00:00.798186)
2026-03-09 20:42:26,319  INFO      [109/366]  2024-04-18  OK  (420 actions, 56089 MWh, 0:00:01.011306)
2026-03-09 20:42:28,229  INFO      [110/366]  2024-04-19  OK  (1072 actions, 87747 MWh, 0:00:01.909775)
2026-03-09 20:42:28,831  INFO      [111/366]  2024-04-20  OK  (128 actions, 5092 MWh, 0:00:00.602331)
2026-03-09 20:42:29,972  INFO      [112/366]  2024-04-21  OK  (526 actions, 24103 MWh, 0:00:01.140798)
2026-03-09 20:42:30,704  INFO      [113/366]  2024-04-22  OK  (225 actions, 25132 MWh, 0:00:00.732538)
2026-03-09 20:42:31,403  INFO      [114/366]  2024-04-23  OK  (124 actions, 13751 MWh, 0:00:00.698963)
2026-03-09 20:42:31,959  INFO      [115/366]  2024-04-24  OK  (80 actions, 6815 MWh, 0:00:00.555557)
2026-03-09 20:42:32,595  INFO      [116/366]  2024-04-25  OK  (142 actions, 12644 MWh, 0:00:00.636693)
2026-03-09 20:42:32,990  INFO      [117/366]  2024-04-26  OK  (2 actions, 50 MWh, 0:00:00.394966)
2026-03-09 20:42:33,369  INFO      [118/366]  2024-04-27  OK  (2 actions, 15 MWh, 0:00:00.379028)
2026-03-09 20:42:34,569  INFO      [119/366]  2024-04-28  OK  (551 actions, 45816 MWh, 0:00:01.200055)
2026-03-09 20:42:36,362  INFO      [120/366]  2024-04-29  OK  (986 actions, 108694 MWh, 0:00:01.792142)
2026-03-09 20:42:38,187  INFO      [121/366]  2024-04-30  OK  (966 actions, 91957 MWh, 0:00:01.825694)
2026-03-09 20:42:38,706  INFO      [122/366]  2024-05-01  OK  (77 actions, 4912 MWh, 0:00:00.518997)
2026-03-09 20:42:39,577  INFO      [123/366]  2024-05-02  OK  (290 actions, 27558 MWh, 0:00:00.870788)
2026-03-09 20:42:40,062  INFO      [124/366]  2024-05-03  OK  (53 actions, 3300 MWh, 0:00:00.484122)
2026-03-09 20:42:40,582  INFO      [125/366]  2024-05-04  OK  (67 actions, 3161 MWh, 0:00:00.520148)
2026-03-09 20:42:41,794  INFO      [126/366]  2024-05-05  OK  (328 actions, 17660 MWh, 0:00:01.211709)
2026-03-09 20:42:42,297  INFO      [127/366]  2024-05-06  OK  (13 actions, 211 MWh, 0:00:00.503606)
2026-03-09 20:42:43,151  INFO      [128/366]  2024-05-07  OK  (278 actions, 24417 MWh, 0:00:00.853399)
2026-03-09 20:42:43,717  INFO      [129/366]  2024-05-08  OK  (106 actions, 15973 MWh, 0:00:00.565895)
2026-03-09 20:42:44,362  INFO      [130/366]  2024-05-09  OK  (141 actions, 23785 MWh, 0:00:00.644791)
2026-03-09 20:42:44,747  INFO      [131/366]  2024-05-10  OK  (2 actions, 18 MWh, 0:00:00.384637)
2026-03-09 20:42:45,360  INFO      [132/366]  2024-05-11  OK  (137 actions, 17198 MWh, 0:00:00.612765)
2026-03-09 20:42:46,635  INFO      [133/366]  2024-05-12  OK  (628 actions, 48179 MWh, 0:00:01.275156)
2026-03-09 20:42:47,208  INFO      [134/366]  2024-05-13  OK  (104 actions, 15350 MWh, 0:00:00.572873)
2026-03-09 20:42:47,786  INFO      [135/366]  2024-05-14  OK  (89 actions, 8668 MWh, 0:00:00.578644)
2026-03-09 20:42:48,175  INFO      [136/366]  2024-05-15  OK  (6 actions, 147 MWh, 0:00:00.388964)
2026-03-09 20:42:48,575  INFO      [137/366]  2024-05-16  OK  (8 actions, 92 MWh, 0:00:00.399157)
2026-03-09 20:42:48,977  INFO      [138/366]  2024-05-17  OK  (10 actions, 90 MWh, 0:00:00.402926)
2026-03-09 20:42:49,595  INFO      [139/366]  2024-05-18  OK  (69 actions, 147 MWh, 0:00:00.617138)
2026-03-09 20:42:50,427  INFO      [140/366]  2024-05-19  OK  (174 actions, 11707 MWh, 0:00:00.832557)
2026-03-09 20:42:50,903  INFO      [141/366]  2024-05-20  OK  (0 actions, 0 MWh, 0:00:00.476087)
2026-03-09 20:42:51,293  INFO      [142/366]  2024-05-21  OK  (5 actions, 54 MWh, 0:00:00.389770)
2026-03-09 20:42:52,828  INFO      [143/366]  2024-05-22  OK  (810 actions, 60982 MWh, 0:00:01.535101)
2026-03-09 20:42:53,937  INFO      [144/366]  2024-05-23  OK  (496 actions, 28237 MWh, 0:00:01.109163)
2026-03-09 20:42:54,320  INFO      [145/366]  2024-05-24  OK  (0 actions, 0 MWh, 0:00:00.382250)
2026-03-09 20:42:54,720  INFO      [146/366]  2024-05-25  OK  (9 actions, 244 MWh, 0:00:00.400123)
2026-03-09 20:42:55,213  INFO      [147/366]  2024-05-26  OK  (58 actions, 4831 MWh, 0:00:00.493397)
2026-03-09 20:42:55,623  INFO      [148/366]  2024-05-27  OK  (21 actions, 662 MWh, 0:00:00.410357)
2026-03-09 20:42:56,274  INFO      [149/366]  2024-05-28  OK  (155 actions, 10683 MWh, 0:00:00.650992)
2026-03-09 20:42:56,828  INFO      [150/366]  2024-05-29  OK  (90 actions, 6400 MWh, 0:00:00.553653)
2026-03-09 20:42:58,041  INFO      [151/366]  2024-05-30  OK  (496 actions, 46169 MWh, 0:00:01.212631)
2026-03-09 20:42:58,574  INFO      [152/366]  2024-05-31  OK  (65 actions, 2898 MWh, 0:00:00.533447)
2026-03-09 20:42:59,035  INFO      [153/366]  2024-06-01  OK  (41 actions, 935 MWh, 0:00:00.460750)
2026-03-09 20:42:59,850  INFO      [154/366]  2024-06-02  OK  (280 actions, 27853 MWh, 0:00:00.799991)
2026-03-09 20:43:01,131  INFO      [155/366]  2024-06-03  OK  (439 actions, 65496 MWh, 0:00:01.281192)
2026-03-09 20:43:02,596  INFO      [156/366]  2024-06-04  OK  (737 actions, 129480 MWh, 0:00:01.464706)
2026-03-09 20:43:03,797  INFO      [157/366]  2024-06-05  OK  (552 actions, 63771 MWh, 0:00:01.201107)
2026-03-09 20:43:04,398  INFO      [158/366]  2024-06-06  OK  (114 actions, 15140 MWh, 0:00:00.601232)
2026-03-09 20:43:05,804  INFO      [159/366]  2024-06-07  OK  (711 actions, 67789 MWh, 0:00:01.405811)
2026-03-09 20:43:08,093  INFO      [160/366]  2024-06-08  OK  (1407 actions, 140644 MWh, 0:00:02.288669)
2026-03-09 20:43:09,489  INFO      [161/366]  2024-06-09  OK  (716 actions, 46103 MWh, 0:00:01.396836)
2026-03-09 20:43:10,999  INFO      [162/366]  2024-06-10  OK  (771 actions, 73067 MWh, 0:00:01.509718)
2026-03-09 20:43:11,985  INFO      [163/366]  2024-06-11  OK  (376 actions, 47382 MWh, 0:00:00.985753)
2026-03-09 20:43:13,298  INFO      [164/366]  2024-06-12  OK  (624 actions, 45464 MWh, 0:00:01.312596)
2026-03-09 20:43:13,908  INFO      [165/366]  2024-06-13  OK  (138 actions, 27508 MWh, 0:00:00.609989)
2026-03-09 20:43:14,750  INFO      [166/366]  2024-06-14  OK  (269 actions, 32792 MWh, 0:00:00.833050)
2026-03-09 20:43:15,997  INFO      [167/366]  2024-06-15  OK  (583 actions, 42208 MWh, 0:00:01.247296)
2026-03-09 20:43:16,904  INFO      [168/366]  2024-06-16  OK  (297 actions, 19750 MWh, 0:00:00.907329)
2026-03-09 20:43:17,331  INFO      [169/366]  2024-06-17  OK  (31 actions, 1331 MWh, 0:00:00.426588)
2026-03-09 20:43:17,793  INFO      [170/366]  2024-06-18  OK  (45 actions, 2522 MWh, 0:00:00.462415)
2026-03-09 20:43:18,587  INFO      [171/366]  2024-06-19  OK  (270 actions, 27831 MWh, 0:00:00.793318)
2026-03-09 20:43:19,234  INFO      [172/366]  2024-06-20  OK  (149 actions, 11214 MWh, 0:00:00.647241)
2026-03-09 20:43:19,844  INFO      [173/366]  2024-06-21  OK  (109 actions, 9463 MWh, 0:00:00.605862)
2026-03-09 20:43:20,411  INFO      [174/366]  2024-06-22  OK  (105 actions, 17349 MWh, 0:00:00.567199)
2026-03-09 20:43:20,980  INFO      [175/366]  2024-06-23  OK  (122 actions, 9947 MWh, 0:00:00.568673)
2026-03-09 20:43:21,586  INFO      [176/366]  2024-06-24  OK  (115 actions, 5135 MWh, 0:00:00.606097)
2026-03-09 20:43:22,009  INFO      [177/366]  2024-06-25  OK  (19 actions, 608 MWh, 0:00:00.422981)
2026-03-09 20:43:22,602  INFO      [178/366]  2024-06-26  OK  (118 actions, 18817 MWh, 0:00:00.591646)
2026-03-09 20:43:24,414  INFO      [179/366]  2024-06-27  OK  (1024 actions, 138119 MWh, 0:00:01.811234)
2026-03-09 20:43:26,826  INFO      [180/366]  2024-06-28  OK  (1493 actions, 169278 MWh, 0:00:02.412190)
2026-03-09 20:43:28,079  INFO      [181/366]  2024-06-29  OK  (507 actions, 65468 MWh, 0:00:01.252848)
2026-03-09 20:43:28,581  INFO      [182/366]  2024-06-30  OK  (35 actions, 1571 MWh, 0:00:00.502188)
2026-03-09 20:43:29,280  INFO      [183/366]  2024-07-01  OK  (186 actions, 21589 MWh, 0:00:00.699594)
2026-03-09 20:43:29,971  INFO      [184/366]  2024-07-02  OK  (174 actions, 9851 MWh, 0:00:00.690727)
2026-03-09 20:43:31,770  INFO      [185/366]  2024-07-03  OK  (998 actions, 75836 MWh, 0:00:01.798365)
2026-03-09 20:43:34,191  INFO      [186/366]  2024-07-04  OK  (1496 actions, 124448 MWh, 0:00:02.421821)
2026-03-09 20:43:36,054  INFO      [187/366]  2024-07-05  OK  (1078 actions, 88142 MWh, 0:00:01.863079)
2026-03-09 20:43:36,920  INFO      [188/366]  2024-07-06  OK  (181 actions, 6556 MWh, 0:00:00.865038)
2026-03-09 20:43:37,436  INFO      [189/366]  2024-07-07  OK  (52 actions, 2065 MWh, 0:00:00.516167)
2026-03-09 20:43:37,852  INFO      [190/366]  2024-07-08  OK  (13 actions, 492 MWh, 0:00:00.416214)
2026-03-09 20:43:38,377  INFO      [191/366]  2024-07-09  OK  (89 actions, 8392 MWh, 0:00:00.525404)
2026-03-09 20:43:39,340  INFO      [192/366]  2024-07-10  OK  (348 actions, 61511 MWh, 0:00:00.962599)
2026-03-09 20:43:40,331  INFO      [193/366]  2024-07-11  OK  (351 actions, 52333 MWh, 0:00:00.988778)
2026-03-09 20:43:40,829  INFO      [194/366]  2024-07-12  OK  (0 actions, 0 MWh, 0:00:00.498243)
2026-03-09 20:43:41,375  INFO      [195/366]  2024-07-13  OK  (98 actions, 8471 MWh, 0:00:00.545397)
2026-03-09 20:43:42,317  INFO      [196/366]  2024-07-14  OK  (331 actions, 30827 MWh, 0:00:00.942349)
2026-03-09 20:43:42,853  INFO      [197/366]  2024-07-15  OK  (93 actions, 5561 MWh, 0:00:00.536247)
2026-03-09 20:43:43,268  INFO      [198/366]  2024-07-16  OK  (12 actions, 421 MWh, 0:00:00.414351)
2026-03-09 20:43:43,741  INFO      [199/366]  2024-07-17  OK  (57 actions, 5178 MWh, 0:00:00.473628)
2026-03-09 20:43:44,728  INFO      [200/366]  2024-07-18  OK  (339 actions, 36118 MWh, 0:00:00.986757)
2026-03-09 20:43:45,546  INFO      [201/366]  2024-07-19  OK  (263 actions, 31140 MWh, 0:00:00.818211)
2026-03-09 20:43:46,092  INFO      [202/366]  2024-07-20  OK  (87 actions, 5509 MWh, 0:00:00.545906)
2026-03-09 20:43:46,822  INFO      [203/366]  2024-07-21  OK  (214 actions, 13825 MWh, 0:00:00.729674)
2026-03-09 20:43:47,279  INFO      [204/366]  2024-07-22  OK  (30 actions, 379 MWh, 0:00:00.457093)
2026-03-09 20:43:47,697  INFO      [205/366]  2024-07-23  OK  (18 actions, 425 MWh, 0:00:00.418455)
2026-03-09 20:43:48,331  INFO      [206/366]  2024-07-24  OK  (153 actions, 20670 MWh, 0:00:00.633904)
2026-03-09 20:43:48,975  INFO      [207/366]  2024-07-25  OK  (114 actions, 8110 MWh, 0:00:00.643706)
2026-03-09 20:43:49,418  INFO      [208/366]  2024-07-26  OK  (41 actions, 2451 MWh, 0:00:00.442677)
2026-03-09 20:43:49,810  INFO      [209/366]  2024-07-27  OK  (6 actions, 210 MWh, 0:00:00.391574)
2026-03-09 20:43:50,252  INFO      [210/366]  2024-07-28  OK  (29 actions, 2999 MWh, 0:00:00.442626)
2026-03-09 20:43:50,780  INFO      [211/366]  2024-07-29  OK  (75 actions, 7062 MWh, 0:00:00.527452)
2026-03-09 20:43:51,454  INFO      [212/366]  2024-07-30  OK  (168 actions, 24753 MWh, 0:00:00.674374)
2026-03-09 20:43:51,970  INFO      [213/366]  2024-07-31  OK  (60 actions, 2024 MWh, 0:00:00.516039)
2026-03-09 20:43:52,445  INFO      [214/366]  2024-08-01  OK  (50 actions, 4414 MWh, 0:00:00.474871)
2026-03-09 20:43:53,224  INFO      [215/366]  2024-08-02  OK  (227 actions, 36910 MWh, 0:00:00.778403)
2026-03-09 20:43:53,640  INFO      [216/366]  2024-08-03  OK  (18 actions, 949 MWh, 0:00:00.416032)
2026-03-09 20:43:54,985  INFO      [217/366]  2024-08-04  OK  (697 actions, 49643 MWh, 0:00:01.345427)
2026-03-09 20:43:56,812  INFO      [218/366]  2024-08-05  OK  (1023 actions, 64716 MWh, 0:00:01.826638)
2026-03-09 20:43:57,478  INFO      [219/366]  2024-08-06  OK  (178 actions, 19635 MWh, 0:00:00.666653)
2026-03-09 20:43:59,430  INFO      [220/366]  2024-08-07  OK  (1140 actions, 139379 MWh, 0:00:01.952128)
2026-03-09 20:44:00,634  INFO      [221/366]  2024-08-08  OK  (452 actions, 52852 MWh, 0:00:01.203132)
2026-03-09 20:44:03,118  INFO      [222/366]  2024-08-09  OK  (1628 actions, 159682 MWh, 0:00:02.484632)
2026-03-09 20:44:05,257  INFO      [223/366]  2024-08-10  OK  (1315 actions, 143866 MWh, 0:00:02.138416)
2026-03-09 20:44:05,891  INFO      [224/366]  2024-08-11  OK  (165 actions, 17612 MWh, 0:00:00.634148)
2026-03-09 20:44:07,835  INFO      [225/366]  2024-08-12  OK  (1107 actions, 85942 MWh, 0:00:01.944304)
2026-03-09 20:44:08,680  INFO      [226/366]  2024-08-13  OK  (301 actions, 44299 MWh, 0:00:00.844889)
2026-03-09 20:44:09,667  INFO      [227/366]  2024-08-14  OK  (367 actions, 50016 MWh, 0:00:00.987369)
2026-03-09 20:44:11,700  INFO      [228/366]  2024-08-15  OK  (1197 actions, 108868 MWh, 0:00:02.032543)
2026-03-09 20:44:13,218  INFO      [229/366]  2024-08-16  OK  (767 actions, 131085 MWh, 0:00:01.515711)
2026-03-09 20:44:14,618  INFO      [230/366]  2024-08-17  OK  (700 actions, 100525 MWh, 0:00:01.386119)
2026-03-09 20:44:16,031  INFO      [231/366]  2024-08-18  OK  (694 actions, 83935 MWh, 0:00:01.413882)
2026-03-09 20:44:17,086  INFO      [232/366]  2024-08-19  OK  (398 actions, 64660 MWh, 0:00:01.054120)
2026-03-09 20:44:19,001  INFO      [233/366]  2024-08-20  OK  (1098 actions, 126224 MWh, 0:00:01.914958)
2026-03-09 20:44:22,333  INFO      [234/366]  2024-08-21  OK  (1966 actions, 213788 MWh, 0:00:03.332691)
2026-03-09 20:44:25,143  INFO      [235/366]  2024-08-22  OK  (1845 actions, 223814 MWh, 0:00:02.809643)
2026-03-09 20:44:26,784  INFO      [236/366]  2024-08-23  OK  (912 actions, 98755 MWh, 0:00:01.641509)
2026-03-09 20:44:29,036  INFO      [237/366]  2024-08-24  OK  (1387 actions, 111672 MWh, 0:00:02.251151)
2026-03-09 20:44:31,608  INFO      [238/366]  2024-08-25  OK  (1666 actions, 135576 MWh, 0:00:02.572708)
2026-03-09 20:44:33,294  INFO      [239/366]  2024-08-26  OK  (740 actions, 45193 MWh, 0:00:01.685744)
2026-03-09 20:44:36,597  INFO      [240/366]  2024-08-27  OK  (1957 actions, 221533 MWh, 0:00:03.303295)
2026-03-09 20:44:38,048  INFO      [241/366]  2024-08-28  OK  (623 actions, 85170 MWh, 0:00:01.450506)
2026-03-09 20:44:39,245  INFO      [242/366]  2024-08-29  OK  (421 actions, 64779 MWh, 0:00:01.197370)
2026-03-09 20:44:40,599  INFO      [243/366]  2024-08-30  OK  (511 actions, 67272 MWh, 0:00:01.353754)
2026-03-09 20:44:41,834  INFO      [244/366]  2024-08-31  OK  (372 actions, 28626 MWh, 0:00:01.234336)
2026-03-09 20:44:43,199  INFO      [245/366]  2024-09-01  OK  (527 actions, 47383 MWh, 0:00:01.365193)
2026-03-09 20:44:43,839  INFO      [246/366]  2024-09-02  OK  (143 actions, 15716 MWh, 0:00:00.639303)
2026-03-09 20:44:44,395  INFO      [247/366]  2024-09-03  OK  (73 actions, 4330 MWh, 0:00:00.556790)
2026-03-09 20:44:44,948  INFO      [248/366]  2024-09-04  OK  (76 actions, 6349 MWh, 0:00:00.552212)
2026-03-09 20:44:45,696  INFO      [249/366]  2024-09-05  OK  (228 actions, 17448 MWh, 0:00:00.748448)
2026-03-09 20:44:46,554  INFO      [250/366]  2024-09-06  OK  (288 actions, 16534 MWh, 0:00:00.858274)
2026-03-09 20:44:46,942  INFO      [251/366]  2024-09-07  OK  (0 actions, 0 MWh, 0:00:00.387408)
2026-03-09 20:44:47,581  INFO      [252/366]  2024-09-08  OK  (150 actions, 11661 MWh, 0:00:00.638998)
2026-03-09 20:44:48,495  INFO      [253/366]  2024-09-09  OK  (295 actions, 31294 MWh, 0:00:00.913968)
2026-03-09 20:44:52,018  INFO      [254/366]  2024-09-10  OK  (2310 actions, 235639 MWh, 0:00:03.521986)
2026-03-09 20:44:53,937  INFO      [255/366]  2024-09-11  OK  (1067 actions, 108995 MWh, 0:00:01.918395)
2026-03-09 20:44:55,189  INFO      [256/366]  2024-09-12  OK  (584 actions, 72142 MWh, 0:00:01.252454)
2026-03-09 20:44:55,795  INFO      [257/366]  2024-09-13  OK  (113 actions, 16126 MWh, 0:00:00.600217)
2026-03-09 20:44:58,401  INFO      [258/366]  2024-09-14  OK  (1702 actions, 240738 MWh, 0:00:02.606505)
2026-03-09 20:44:59,620  INFO      [259/366]  2024-09-15  OK  (549 actions, 57834 MWh, 0:00:01.218424)
2026-03-09 20:45:00,258  INFO      [260/366]  2024-09-16  OK  (127 actions, 7859 MWh, 0:00:00.638380)
2026-03-09 20:45:00,864  INFO      [261/366]  2024-09-17  OK  (111 actions, 8509 MWh, 0:00:00.605376)
2026-03-09 20:45:01,417  INFO      [262/366]  2024-09-18  OK  (96 actions, 6100 MWh, 0:00:00.553622)
2026-03-09 20:45:02,046  INFO      [263/366]  2024-09-19  OK  (140 actions, 8726 MWh, 0:00:00.628339)
2026-03-09 20:45:02,514  INFO      [264/366]  2024-09-20  OK  (51 actions, 1553 MWh, 0:00:00.468800)
2026-03-09 20:45:02,965  INFO      [265/366]  2024-09-21  OK  (7 actions, 68 MWh, 0:00:00.450179)
2026-03-09 20:45:03,387  INFO      [266/366]  2024-09-22  OK  (3 actions, 57 MWh, 0:00:00.405380)
2026-03-09 20:45:03,815  INFO      [267/366]  2024-09-23  OK  (16 actions, 401 MWh, 0:00:00.428454)
2026-03-09 20:45:03,815  WARNING   [268/366]  2024-09-24  SKIP — missing inputs: ['IV_dispatch_changes_by_zone_and_SP_flex.csv']
2026-03-09 20:45:03,815  WARNING   [269/366]  2024-09-25  SKIP — missing inputs: ['IV_dispatch_changes_by_zone_and_SP_flex.csv']
2026-03-09 20:45:03,830  WARNING   [270/366]  2024-09-26  SKIP — missing inputs: ['IV_dispatch_changes_by_zone_and_SP_flex.csv']
2026-03-09 20:45:05,391  INFO      [271/366]  2024-09-27  OK  (779 actions, 106819 MWh, 0:00:01.561499)
2026-03-09 20:45:06,392  INFO      [272/366]  2024-09-28  OK  (400 actions, 23424 MWh, 0:00:01.000798)
2026-03-09 20:45:07,135  INFO      [273/366]  2024-09-29  OK  (231 actions, 19888 MWh, 0:00:00.743239)
2026-03-09 20:45:07,927  INFO      [274/366]  2024-09-30  OK  (231 actions, 17453 MWh, 0:00:00.791809)
2026-03-09 20:45:08,559  INFO      [275/366]  2024-10-01  OK  (115 actions, 13805 MWh, 0:00:00.632089)
2026-03-09 20:45:09,123  INFO      [276/366]  2024-10-02  OK  (90 actions, 2602 MWh, 0:00:00.563524)
2026-03-09 20:45:09,720  INFO      [277/366]  2024-10-03  OK  (106 actions, 13611 MWh, 0:00:00.597532)
2026-03-09 20:45:11,059  INFO      [278/366]  2024-10-04  OK  (496 actions, 76140 MWh, 0:00:01.335351)
2026-03-09 20:45:12,186  INFO      [279/366]  2024-10-05  OK  (368 actions, 51923 MWh, 0:00:01.127024)
2026-03-09 20:45:13,521  INFO      [280/366]  2024-10-06  OK  (567 actions, 48532 MWh, 0:00:01.334555)
2026-03-09 20:45:14,682  INFO      [281/366]  2024-10-07  OK  (381 actions, 35926 MWh, 0:00:01.160971)
2026-03-09 20:45:15,410  INFO      [282/366]  2024-10-08  OK  (196 actions, 33853 MWh, 0:00:00.728307)
2026-03-09 20:45:17,028  INFO      [283/366]  2024-10-09  OK  (812 actions, 157740 MWh, 0:00:01.617910)
2026-03-09 20:45:18,268  INFO      [284/366]  2024-10-10  OK  (283 actions, 43705 MWh, 0:00:01.239867)
2026-03-09 20:45:19,321  INFO      [285/366]  2024-10-11  OK  (402 actions, 72017 MWh, 0:00:01.037697)
2026-03-09 20:45:20,919  INFO      [286/366]  2024-10-12  OK  (822 actions, 98963 MWh, 0:00:01.597990)
2026-03-09 20:45:22,428  INFO      [287/366]  2024-10-13  OK  (783 actions, 46567 MWh, 0:00:01.509187)
2026-03-09 20:45:22,971  INFO      [288/366]  2024-10-14  OK  (83 actions, 10949 MWh, 0:00:00.542463)
2026-03-09 20:45:24,219  INFO      [289/366]  2024-10-15  OK  (376 actions, 64036 MWh, 0:00:01.248339)
2026-03-09 20:45:25,958  INFO      [290/366]  2024-10-16  OK  (809 actions, 101066 MWh, 0:00:01.739267)
2026-03-09 20:45:26,515  INFO      [291/366]  2024-10-17  OK  (80 actions, 8935 MWh, 0:00:00.556743)
2026-03-09 20:45:27,769  INFO      [292/366]  2024-10-18  OK  (548 actions, 98186 MWh, 0:00:01.253947)
2026-03-09 20:45:29,117  INFO      [293/366]  2024-10-19  OK  (482 actions, 47448 MWh, 0:00:01.348121)
2026-03-09 20:45:32,770  INFO      [294/366]  2024-10-20  OK  (2477 actions, 204752 MWh, 0:00:03.650936)
2026-03-09 20:45:35,049  INFO      [295/366]  2024-10-21  OK  (1323 actions, 142058 MWh, 0:00:02.279370)
2026-03-09 20:45:36,971  INFO      [296/366]  2024-10-22  OK  (811 actions, 111212 MWh, 0:00:01.922006)
2026-03-09 20:45:38,584  INFO      [297/366]  2024-10-23  OK  (818 actions, 121160 MWh, 0:00:01.612362)
2026-03-09 20:45:40,885  INFO      [298/366]  2024-10-24  OK  (1332 actions, 150708 MWh, 0:00:02.300759)
2026-03-09 20:45:41,748  INFO      [299/366]  2024-10-25  OK  (271 actions, 21676 MWh, 0:00:00.862790)
2026-03-09 20:45:43,092  INFO      [300/366]  2024-10-26  OK  (615 actions, 84484 MWh, 0:00:01.344581)
2026-03-09 20:45:44,663  INFO      [301/366]  2024-10-27  OK  (767 actions, 79768 MWh, 0:00:01.570672)
2026-03-09 20:45:45,720  INFO      [302/366]  2024-10-28  OK  (446 actions, 25170 MWh, 0:00:01.057177)
2026-03-09 20:45:46,951  INFO      [303/366]  2024-10-29  OK  (549 actions, 60435 MWh, 0:00:01.230600)
2026-03-09 20:45:48,478  INFO      [304/366]  2024-10-30  OK  (784 actions, 83034 MWh, 0:00:01.527496)
2026-03-09 20:45:49,914  INFO      [305/366]  2024-10-31  OK  (670 actions, 105874 MWh, 0:00:01.435821)
2026-03-09 20:45:51,402  INFO      [306/366]  2024-11-01  OK  (539 actions, 64038 MWh, 0:00:01.487822)
2026-03-09 20:45:52,583  INFO      [307/366]  2024-11-02  OK  (343 actions, 45221 MWh, 0:00:01.181214)
2026-03-09 20:45:53,546  INFO      [308/366]  2024-11-03  OK  (361 actions, 32386 MWh, 0:00:00.960965)
2026-03-09 20:45:53,960  INFO      [309/366]  2024-11-04  OK  (14 actions, 100 MWh, 0:00:00.411355)
2026-03-09 20:45:54,380  INFO      [310/366]  2024-11-05  OK  (12 actions, 112 MWh, 0:00:00.408849)
2026-03-09 20:45:55,048  INFO      [311/366]  2024-11-06  OK  (158 actions, 15311 MWh, 0:00:00.668862)
2026-03-09 20:45:56,008  INFO      [312/366]  2024-11-07  OK  (356 actions, 56413 MWh, 0:00:00.959903)
2026-03-09 20:45:57,216  INFO      [313/366]  2024-11-08  OK  (583 actions, 57766 MWh, 0:00:01.207561)
2026-03-09 20:45:58,604  INFO      [314/366]  2024-11-09  OK  (706 actions, 59000 MWh, 0:00:01.388481)
2026-03-09 20:45:59,719  INFO      [315/366]  2024-11-10  OK  (441 actions, 61039 MWh, 0:00:01.114823)
2026-03-09 20:46:00,340  INFO      [316/366]  2024-11-11  OK  (124 actions, 15066 MWh, 0:00:00.620882)
2026-03-09 20:46:00,976  INFO      [317/366]  2024-11-12  OK  (140 actions, 16791 MWh, 0:00:00.635697)
2026-03-09 20:46:01,912  INFO      [318/366]  2024-11-13  OK  (331 actions, 42347 MWh, 0:00:00.936311)
2026-03-09 20:46:02,934  INFO      [319/366]  2024-11-14  OK  (386 actions, 52127 MWh, 0:00:01.021943)
2026-03-09 20:46:04,326  INFO      [320/366]  2024-11-15  OK  (640 actions, 103739 MWh, 0:00:01.392214)
2026-03-09 20:46:06,582  INFO      [321/366]  2024-11-16  OK  (1335 actions, 161037 MWh, 0:00:02.255422)
2026-03-09 20:46:08,264  INFO      [322/366]  2024-11-17  OK  (874 actions, 87407 MWh, 0:00:01.682054)
2026-03-09 20:46:09,774  INFO      [323/366]  2024-11-18  OK  (733 actions, 100908 MWh, 0:00:01.510557)
2026-03-09 20:46:10,960  INFO      [324/366]  2024-11-19  OK  (480 actions, 67932 MWh, 0:00:01.185455)
2026-03-09 20:46:12,064  INFO      [325/366]  2024-11-20  OK  (406 actions, 57614 MWh, 0:00:01.103799)
2026-03-09 20:46:13,195  INFO      [326/366]  2024-11-21  OK  (479 actions, 66368 MWh, 0:00:01.131207)
2026-03-09 20:46:14,076  INFO      [327/366]  2024-11-22  OK  (306 actions, 34003 MWh, 0:00:00.881317)
2026-03-09 20:46:15,861  INFO      [328/366]  2024-11-23  OK  (914 actions, 112427 MWh, 0:00:01.784729)
2026-03-09 20:46:18,764  INFO      [329/366]  2024-11-24  OK  (1840 actions, 204117 MWh, 0:00:02.902793)
2026-03-09 20:46:21,235  INFO      [330/366]  2024-11-25  OK  (1489 actions, 211632 MWh, 0:00:02.471291)
2026-03-09 20:46:23,053  INFO      [331/366]  2024-11-26  OK  (917 actions, 108197 MWh, 0:00:01.816944)
2026-03-09 20:46:23,448  INFO      [332/366]  2024-11-27  OK  (0 actions, 0 MWh, 0:00:00.395422)
2026-03-09 20:46:24,294  INFO      [333/366]  2024-11-28  OK  (323 actions, 37482 MWh, 0:00:00.845436)
2026-03-09 20:46:25,858  INFO      [334/366]  2024-11-29  OK  (772 actions, 93589 MWh, 0:00:01.563841)
2026-03-09 20:46:27,740  INFO      [335/366]  2024-11-30  OK  (1045 actions, 123619 MWh, 0:00:01.880497)
2026-03-09 20:46:29,434  INFO      [336/366]  2024-12-01  OK  (910 actions, 97950 MWh, 0:00:01.693099)
2026-03-09 20:46:30,797  INFO      [337/366]  2024-12-02  OK  (638 actions, 83675 MWh, 0:00:01.347333)
2026-03-09 20:46:32,635  INFO      [338/366]  2024-12-03  OK  (1057 actions, 98839 MWh, 0:00:01.831073)
2026-03-09 20:46:33,499  INFO      [339/366]  2024-12-04  OK  (322 actions, 47154 MWh, 0:00:00.863299)
2026-03-09 20:46:34,815  INFO      [340/366]  2024-12-05  OK  (603 actions, 64464 MWh, 0:00:01.316614)
2026-03-09 20:46:36,401  INFO      [341/366]  2024-12-06  OK  (823 actions, 87096 MWh, 0:00:01.580221)
2026-03-09 20:46:38,769  INFO      [342/366]  2024-12-07  OK  (1343 actions, 182323 MWh, 0:00:02.368513)
2026-03-09 20:46:40,789  INFO      [343/366]  2024-12-08  OK  (1122 actions, 127940 MWh, 0:00:02.019730)
2026-03-09 20:46:42,123  INFO      [344/366]  2024-12-09  OK  (496 actions, 66856 MWh, 0:00:01.334199)
2026-03-09 20:46:42,943  INFO      [345/366]  2024-12-10  OK  (218 actions, 23329 MWh, 0:00:00.817027)
2026-03-09 20:46:43,329  INFO      [346/366]  2024-12-11  OK  (0 actions, 0 MWh, 0:00:00.386553)
2026-03-09 20:46:43,808  INFO      [347/366]  2024-12-12  OK  (31 actions, 439 MWh, 0:00:00.478749)
2026-03-09 20:46:44,211  INFO      [348/366]  2024-12-13  OK  (2 actions, 13 MWh, 0:00:00.403080)
2026-03-09 20:46:45,099  INFO      [349/366]  2024-12-14  OK  (312 actions, 21598 MWh, 0:00:00.886220)
2026-03-09 20:46:48,066  INFO      [350/366]  2024-12-15  OK  (1940 actions, 152521 MWh, 0:00:02.967528)
2026-03-09 20:46:49,602  INFO      [351/366]  2024-12-16  OK  (719 actions, 104969 MWh, 0:00:01.535639)
2026-03-09 20:46:50,745  INFO      [352/366]  2024-12-17  OK  (512 actions, 68054 MWh, 0:00:01.143414)
2026-03-09 20:46:52,944  INFO      [353/366]  2024-12-18  OK  (1235 actions, 158748 MWh, 0:00:02.199033)
2026-03-09 20:46:54,261  INFO      [354/366]  2024-12-19  OK  (565 actions, 89405 MWh, 0:00:01.316075)
2026-03-09 20:46:55,764  INFO      [355/366]  2024-12-20  OK  (735 actions, 108691 MWh, 0:00:01.503066)
2026-03-09 20:46:58,885  INFO      [356/366]  2024-12-21  OK  (2061 actions, 183683 MWh, 0:00:03.121517)
2026-03-09 20:47:01,695  INFO      [357/366]  2024-12-22  OK  (1739 actions, 173127 MWh, 0:00:02.809604)
2026-03-09 20:47:02,758  INFO      [358/366]  2024-12-23  OK  (431 actions, 42405 MWh, 0:00:01.062817)
2026-03-09 20:47:04,438  INFO      [359/366]  2024-12-24  OK  (896 actions, 108992 MWh, 0:00:01.680105)
2026-03-09 20:47:06,247  INFO      [360/366]  2024-12-25  OK  (1008 actions, 124732 MWh, 0:00:01.808261)
2026-03-09 20:47:07,103  INFO      [361/366]  2024-12-26  OK  (302 actions, 17062 MWh, 0:00:00.855626)
2026-03-09 20:47:07,499  INFO      [362/366]  2024-12-27  OK  (0 actions, 0 MWh, 0:00:00.395640)
2026-03-09 20:47:08,519  INFO      [363/366]  2024-12-28  OK  (413 actions, 53478 MWh, 0:00:01.020641)
2026-03-09 20:47:11,520  INFO      [364/366]  2024-12-29  OK  (1882 actions, 243308 MWh, 0:00:03.000658)
2026-03-09 20:47:13,265  INFO      [365/366]  2024-12-30  OK  (880 actions, 85352 MWh, 0:00:01.743630)
2026-03-09 20:47:16,611  INFO      [366/366]  2024-12-31  OK  (2202 actions, 206732 MWh, 0:00:03.346562)
2026-03-09 20:47:16,611  INFO      ======================================================================
2026-03-09 20:47:16,611  INFO      Finished.  Successes: 363  |  Failures: 0  |  Skipped: 3
2026-03-09 20:47:16,611  INFO      Skipped days (missing inputs): ['2024-09-24', '2024-09-25', '2024-09-26']
2026-03-09 20:47:16,618  INFO      ======================================================================
2026-03-10 19:48:41,899  INFO      Loading BMU classification...
2026-03-10 19:48:41,907  INFO      Loaded 1056 BMUs
2026-03-10 19:48:41,907  INFO      Building unit lookup tables...
2026-03-10 19:48:41,978  INFO      Classified 1056 units
2026-03-10 19:48:41,993  INFO      ======================================================================
2026-03-10 19:48:41,993  INFO      Rerunning IV clearing ONLY: 2024-01-01 → 2024-12-31  (366 days)
2026-03-10 19:48:41,994  INFO      Excluded BMUs: ['DRAXX-5', 'DRAXX-6']
2026-03-10 19:48:41,994  INFO      ======================================================================
2026-03-10 19:48:42,281  INFO        Hydro caps — bids: 0.0 MWh, offers: 0.0 MWh
2026-03-10 19:48:42,672  INFO      [1/366]  2024-01-01  OK  (159 actions, 9326 MWh, 0:00:00.675268)
2026-03-10 19:48:42,920  INFO        Hydro caps — bids: 0.0 MWh, offers: 0.0 MWh
2026-03-10 19:48:43,460  INFO      [2/366]  2024-01-02  OK  (282 actions, 18388 MWh, 0:00:00.787908)
2026-03-10 19:48:43,732  INFO        Hydro caps — bids: 119.3 MWh, offers: 63.5 MWh
2026-03-10 19:48:43,901  INFO      [3/366]  2024-01-03  OK  (24 actions, 743 MWh, 0:00:00.439987)
2026-03-10 19:48:44,191  INFO        Hydro caps — bids: 39.8 MWh, offers: 5.5 MWh
2026-03-10 19:48:44,503  INFO      [4/366]  2024-01-04  OK  (114 actions, 16571 MWh, 0:00:00.600946)
2026-03-10 19:48:44,784  INFO        Hydro caps — bids: 0.6 MWh, offers: 2.9 MWh
2026-03-10 19:48:44,905  INFO      [5/366]  2024-01-05  OK  (0 actions, 0 MWh, 0:00:00.400790)
2026-03-10 19:48:45,183  INFO        Hydro caps — bids: 23.8 MWh, offers: 134.6 MWh
2026-03-10 19:48:45,510  INFO      [6/366]  2024-01-06  OK  (109 actions, 5365 MWh, 0:00:00.605291)
2026-03-10 19:48:45,790  INFO        Hydro caps — bids: 0.0 MWh, offers: 8.3 MWh
2026-03-10 19:48:46,326  INFO      [7/366]  2024-01-07  OK  (257 actions, 24490 MWh, 0:00:00.816475)
2026-03-10 19:48:46,617  INFO        Hydro caps — bids: 167.9 MWh, offers: 3.8 MWh
2026-03-10 19:48:46,749  INFO      [8/366]  2024-01-08  OK  (8 actions, 157 MWh, 0:00:00.421925)
2026-03-10 19:48:47,027  INFO        Hydro caps — bids: 0.0 MWh, offers: 37.4 MWh
2026-03-10 19:48:47,238  INFO      [9/366]  2024-01-09  OK  (51 actions, 4595 MWh, 0:00:00.489148)
2026-03-10 19:48:47,616  INFO        Hydro caps — bids: 46.4 MWh, offers: 187.1 MWh
2026-03-10 19:48:47,929  INFO      [10/366]  2024-01-10  OK  (114 actions, 6262 MWh, 0:00:00.689957)
2026-03-10 19:48:48,203  INFO        Hydro caps — bids: 0.0 MWh, offers: 87.4 MWh
2026-03-10 19:48:48,438  INFO      [11/366]  2024-01-11  OK  (66 actions, 1013 MWh, 0:00:00.508669)
2026-03-10 19:48:48,712  INFO        Hydro caps — bids: 349.5 MWh, offers: 113.6 MWh
2026-03-10 19:48:49,154  INFO      [12/366]  2024-01-12  OK  (184 actions, 10813 MWh, 0:00:00.716187)
2026-03-10 19:48:49,430  INFO        Hydro caps — bids: 229.8 MWh, offers: 42.9 MWh
2026-03-10 19:48:50,482  INFO      [13/366]  2024-01-13  OK  (613 actions, 59563 MWh, 0:00:01.327346)
2026-03-10 19:48:50,755  INFO        Hydro caps — bids: 57.5 MWh, offers: 24.4 MWh
2026-03-10 19:48:51,031  INFO      [14/366]  2024-01-14  OK  (76 actions, 8213 MWh, 0:00:00.547062)
2026-03-10 19:48:51,274  INFO        Hydro caps — bids: 0.0 MWh, offers: 0.0 MWh
2026-03-10 19:48:51,639  INFO      [15/366]  2024-01-15  OK  (134 actions, 15503 MWh, 0:00:00.608068)
2026-03-10 19:48:51,915  INFO        Hydro caps — bids: 864.8 MWh, offers: 336.0 MWh
2026-03-10 19:48:52,070  INFO      [16/366]  2024-01-16  OK  (19 actions, 1129 MWh, 0:00:00.430298)
2026-03-10 19:48:52,346  INFO        Hydro caps — bids: 305.6 MWh, offers: 4.6 MWh
2026-03-10 19:48:52,578  INFO      [17/366]  2024-01-17  OK  (56 actions, 3966 MWh, 0:00:00.507622)
2026-03-10 19:48:52,853  INFO        Hydro caps — bids: 1143.8 MWh, offers: 88.5 MWh
2026-03-10 19:48:53,435  INFO      [18/366]  2024-01-18  OK  (263 actions, 41237 MWh, 0:00:00.856195)
2026-03-10 19:48:53,709  INFO        Hydro caps — bids: 705.5 MWh, offers: 0.0 MWh
2026-03-10 19:48:54,831  INFO      [19/366]  2024-01-19  OK  (690 actions, 75539 MWh, 0:00:01.395186)
2026-03-10 19:48:55,102  INFO        Hydro caps — bids: 979.3 MWh, offers: 0.0 MWh
2026-03-10 19:48:56,299  INFO      [20/366]  2024-01-20  OK  (725 actions, 102577 MWh, 0:00:01.467163)
2026-03-10 19:48:56,565  INFO        Hydro caps — bids: 629.0 MWh, offers: 1.9 MWh
2026-03-10 19:48:57,540  INFO      [21/366]  2024-01-21  OK  (548 actions, 81729 MWh, 0:00:01.239957)
2026-03-10 19:48:57,817  INFO        Hydro caps — bids: 356.4 MWh, offers: 32.8 MWh
2026-03-10 19:48:58,747  INFO      [22/366]  2024-01-22  OK  (522 actions, 84390 MWh, 0:00:01.207856)
2026-03-10 19:48:59,020  INFO        Hydro caps — bids: 475.9 MWh, offers: 0.0 MWh
2026-03-10 19:48:59,952  INFO      [23/366]  2024-01-23  OK  (481 actions, 77197 MWh, 0:00:01.203133)
2026-03-10 19:49:00,235  INFO        Hydro caps — bids: 233.4 MWh, offers: 168.4 MWh
2026-03-10 19:49:01,118  INFO      [24/366]  2024-01-24  OK  (537 actions, 68329 MWh, 0:00:01.166879)
2026-03-10 19:49:01,401  INFO        Hydro caps — bids: 334.3 MWh, offers: 61.5 MWh
2026-03-10 19:49:02,140  INFO      [25/366]  2024-01-25  OK  (355 actions, 50875 MWh, 0:00:01.021487)
2026-03-10 19:49:02,428  INFO        Hydro caps — bids: 642.7 MWh, offers: 53.7 MWh
2026-03-10 19:49:03,751  INFO      [26/366]  2024-01-26  OK  (831 actions, 115881 MWh, 0:00:01.610339)
2026-03-10 19:49:04,031  INFO        Hydro caps — bids: 1130.3 MWh, offers: 0.0 MWh
2026-03-10 19:49:05,730  INFO      [27/366]  2024-01-27  OK  (1156 actions, 142131 MWh, 0:00:01.978668)
2026-03-10 19:49:06,018  INFO        Hydro caps — bids: 762.5 MWh, offers: 20.1 MWh
2026-03-10 19:49:07,883  INFO      [28/366]  2024-01-28  OK  (1278 actions, 127327 MWh, 0:00:02.153200)
2026-03-10 19:49:08,151  INFO        Hydro caps — bids: 150.6 MWh, offers: 5.9 MWh
2026-03-10 19:49:08,457  INFO      [29/366]  2024-01-29  OK  (84 actions, 1630 MWh, 0:00:00.574129)
2026-03-10 19:49:08,731  INFO        Hydro caps — bids: 495.6 MWh, offers: 0.0 MWh
2026-03-10 19:49:09,105  INFO      [30/366]  2024-01-30  OK  (155 actions, 22272 MWh, 0:00:00.648041)
2026-03-10 19:49:09,375  INFO        Hydro caps — bids: 1440.9 MWh, offers: 0.0 MWh
2026-03-10 19:49:10,845  INFO      [31/366]  2024-01-31  OK  (956 actions, 125099 MWh, 0:00:01.739191)
2026-03-10 19:49:11,118  INFO        Hydro caps — bids: 1576.3 MWh, offers: 3.2 MWh
2026-03-10 19:49:11,664  INFO      [32/366]  2024-02-01  OK  (247 actions, 21513 MWh, 0:00:00.818436)
2026-03-10 19:49:11,935  INFO        Hydro caps — bids: 1200.8 MWh, offers: 0.0 MWh
2026-03-10 19:49:13,977  INFO      [33/366]  2024-02-02  OK  (1462 actions, 127419 MWh, 0:00:02.311602)
2026-03-10 19:49:14,248  INFO        Hydro caps — bids: 1215.2 MWh, offers: 0.0 MWh
2026-03-10 19:49:16,348  INFO      [34/366]  2024-02-03  OK  (1513 actions, 161994 MWh, 0:00:02.369960)
2026-03-10 19:49:16,626  INFO        Hydro caps — bids: 658.7 MWh, offers: 15.4 MWh
2026-03-10 19:49:18,294  INFO      [35/366]  2024-02-04  OK  (1164 actions, 105362 MWh, 0:00:01.945249)
2026-03-10 19:49:18,660  INFO        Hydro caps — bids: 729.5 MWh, offers: 0.0 MWh
2026-03-10 19:49:19,721  INFO      [36/366]  2024-02-05  OK  (649 actions, 52517 MWh, 0:00:01.427033)
2026-03-10 19:49:20,023  INFO        Hydro caps — bids: 718.5 MWh, offers: 0.0 MWh
2026-03-10 19:49:21,110  INFO      [37/366]  2024-02-06  OK  (645 actions, 72945 MWh, 0:00:01.389268)
2026-03-10 19:49:21,384  INFO        Hydro caps — bids: 879.4 MWh, offers: 0.0 MWh
2026-03-10 19:49:21,599  INFO      [38/366]  2024-02-07  OK  (52 actions, 10337 MWh, 0:00:00.487712)
2026-03-10 19:49:21,873  INFO        Hydro caps — bids: 487.3 MWh, offers: 2.1 MWh
2026-03-10 19:49:22,189  INFO      [39/366]  2024-02-08  OK  (106 actions, 12572 MWh, 0:00:00.589652)
2026-03-10 19:49:22,472  INFO        Hydro caps — bids: 644.1 MWh, offers: 4.5 MWh
2026-03-10 19:49:23,647  INFO      [40/366]  2024-02-09  OK  (729 actions, 94000 MWh, 0:00:01.456502)
2026-03-10 19:49:23,936  INFO        Hydro caps — bids: 293.4 MWh, offers: 9.5 MWh
2026-03-10 19:49:24,424  INFO      [41/366]  2024-02-10  OK  (207 actions, 27895 MWh, 0:00:00.776638)
2026-03-10 19:49:24,715  INFO        Hydro caps — bids: 984.4 MWh, offers: 0.0 MWh
2026-03-10 19:49:25,066  INFO      [42/366]  2024-02-11  OK  (126 actions, 6491 MWh, 0:00:00.642602)
2026-03-10 19:49:25,339  INFO        Hydro caps — bids: 909.8 MWh, offers: 0.0 MWh
2026-03-10 19:49:25,638  INFO      [43/366]  2024-02-12  OK  (100 actions, 17901 MWh, 0:00:00.570513)
2026-03-10 19:49:25,907  INFO        Hydro caps — bids: 420.0 MWh, offers: 0.0 MWh
2026-03-10 19:49:26,317  INFO      [44/366]  2024-02-13  OK  (150 actions, 29284 MWh, 0:00:00.678923)
2026-03-10 19:49:26,592  INFO        Hydro caps — bids: 235.0 MWh, offers: 189.1 MWh
2026-03-10 19:49:26,964  INFO      [45/366]  2024-02-14  OK  (162 actions, 9985 MWh, 0:00:00.646302)
2026-03-10 19:49:27,235  INFO        Hydro caps — bids: 481.5 MWh, offers: 95.8 MWh
2026-03-10 19:49:27,478  INFO      [46/366]  2024-02-15  OK  (65 actions, 3146 MWh, 0:00:00.513896)
2026-03-10 19:49:27,749  INFO        Hydro caps — bids: 845.2 MWh, offers: 36.7 MWh
2026-03-10 19:49:28,240  INFO      [47/366]  2024-02-16  OK  (228 actions, 24471 MWh, 0:00:00.761688)
2026-03-10 19:49:28,522  INFO        Hydro caps — bids: 1013.7 MWh, offers: 165.2 MWh
2026-03-10 19:49:28,957  INFO      [48/366]  2024-02-17  OK  (157 actions, 17535 MWh, 0:00:00.716736)
2026-03-10 19:49:29,260  INFO        Hydro caps — bids: 951.2 MWh, offers: 23.8 MWh
2026-03-10 19:49:29,670  INFO      [49/366]  2024-02-18  OK  (170 actions, 12454 MWh, 0:00:00.711245)
2026-03-10 19:49:29,958  INFO        Hydro caps — bids: 1454.8 MWh, offers: 115.2 MWh
2026-03-10 19:49:30,535  INFO      [50/366]  2024-02-19  OK  (251 actions, 31243 MWh, 0:00:00.865480)
2026-03-10 19:49:30,909  INFO        Hydro caps — bids: 1954.5 MWh, offers: 6.1 MWh
2026-03-10 19:49:31,987  INFO      [51/366]  2024-02-20  OK  (558 actions, 89673 MWh, 0:00:01.450667)
2026-03-10 19:49:32,360  INFO        Hydro caps — bids: 1608.8 MWh, offers: 5.2 MWh
2026-03-10 19:49:33,393  INFO      [52/366]  2024-02-21  OK  (534 actions, 72380 MWh, 0:00:01.406406)
2026-03-10 19:49:33,688  INFO        Hydro caps — bids: 459.8 MWh, offers: 47.6 MWh
2026-03-10 19:49:34,277  INFO      [53/366]  2024-02-22  OK  (247 actions, 30642 MWh, 0:00:00.882807)
2026-03-10 19:49:34,575  INFO        Hydro caps — bids: 1090.7 MWh, offers: 0.0 MWh
2026-03-10 19:49:34,978  INFO      [54/366]  2024-02-23  OK  (139 actions, 8450 MWh, 0:00:00.700118)
2026-03-10 19:49:35,263  INFO        Hydro caps — bids: 1502.1 MWh, offers: 0.0 MWh
2026-03-10 19:49:35,857  INFO      [55/366]  2024-02-24  OK  (235 actions, 29093 MWh, 0:00:00.878428)
2026-03-10 19:49:36,146  INFO        Hydro caps — bids: 1384.4 MWh, offers: 4.2 MWh
2026-03-10 19:49:36,621  INFO      [56/366]  2024-02-25  OK  (185 actions, 20328 MWh, 0:00:00.763569)
2026-03-10 19:49:36,906  INFO        Hydro caps — bids: 258.4 MWh, offers: 831.9 MWh
2026-03-10 19:49:37,537  INFO      [57/366]  2024-02-26  OK  (244 actions, 55862 MWh, 0:00:00.915381)
2026-03-10 19:49:37,825  INFO        Hydro caps — bids: 1602.1 MWh, offers: 167.7 MWh
2026-03-10 19:49:38,583  INFO      [58/366]  2024-02-27  OK  (342 actions, 95989 MWh, 0:00:01.045399)
2026-03-10 19:49:38,871  INFO        Hydro caps — bids: 1493.0 MWh, offers: 169.4 MWh
2026-03-10 19:49:39,751  INFO      [59/366]  2024-02-28  OK  (412 actions, 107508 MWh, 0:00:01.168202)
2026-03-10 19:49:40,039  INFO        Hydro caps — bids: 1643.3 MWh, offers: 238.3 MWh
2026-03-10 19:49:41,217  INFO      [60/366]  2024-02-29  OK  (685 actions, 104900 MWh, 0:00:01.465660)
2026-03-10 19:49:41,508  INFO        Hydro caps — bids: 851.5 MWh, offers: 197.3 MWh
2026-03-10 19:49:41,722  INFO      [61/366]  2024-03-01  OK  (46 actions, 3552 MWh, 0:00:00.504168)
2026-03-10 19:49:42,008  INFO        Hydro caps — bids: 787.2 MWh, offers: 22.4 MWh
2026-03-10 19:49:42,219  INFO      [62/366]  2024-03-02  OK  (46 actions, 4414 MWh, 0:00:00.497387)
2026-03-10 19:49:42,502  INFO        Hydro caps — bids: 540.1 MWh, offers: 376.1 MWh
2026-03-10 19:49:42,922  INFO      [63/366]  2024-03-03  OK  (155 actions, 28504 MWh, 0:00:00.703066)
2026-03-10 19:49:43,292  INFO        Hydro caps — bids: 856.9 MWh, offers: 141.9 MWh
2026-03-10 19:49:44,026  INFO      [64/366]  2024-03-04  OK  (394 actions, 53277 MWh, 0:00:01.103596)
2026-03-10 19:49:44,321  INFO        Hydro caps — bids: 873.4 MWh, offers: 178.1 MWh
2026-03-10 19:49:45,045  INFO      [65/366]  2024-03-05  OK  (330 actions, 76542 MWh, 0:00:01.019035)
2026-03-10 19:49:45,336  INFO        Hydro caps — bids: 1037.7 MWh, offers: 0.0 MWh
2026-03-10 19:49:45,674  INFO      [66/366]  2024-03-06  OK  (105 actions, 13356 MWh, 0:00:00.627847)
2026-03-10 19:49:45,974  INFO        Hydro caps — bids: 786.2 MWh, offers: 212.7 MWh
2026-03-10 19:49:46,927  INFO      [67/366]  2024-03-07  OK  (533 actions, 58130 MWh, 0:00:01.252888)
2026-03-10 19:49:47,216  INFO        Hydro caps — bids: 1217.2 MWh, offers: 46.8 MWh
2026-03-10 19:49:48,099  INFO      [68/366]  2024-03-08  OK  (438 actions, 59182 MWh, 0:00:01.170038)
2026-03-10 19:49:48,432  INFO        Hydro caps — bids: 883.8 MWh, offers: 92.0 MWh
2026-03-10 19:49:49,539  INFO      [69/366]  2024-03-09  OK  (634 actions, 57701 MWh, 0:00:01.439816)
2026-03-10 19:49:49,841  INFO        Hydro caps — bids: 1128.4 MWh, offers: 51.5 MWh
2026-03-10 19:49:51,338  INFO      [70/366]  2024-03-10  OK  (903 actions, 104588 MWh, 0:00:01.798457)
2026-03-10 19:49:51,632  INFO        Hydro caps — bids: 266.4 MWh, offers: 542.8 MWh
2026-03-10 19:49:52,150  INFO      [71/366]  2024-03-11  OK  (235 actions, 12160 MWh, 0:00:00.810922)
2026-03-10 19:49:52,442  INFO        Hydro caps — bids: 668.8 MWh, offers: 0.0 MWh
2026-03-10 19:49:53,025  INFO      [72/366]  2024-03-12  OK  (258 actions, 24706 MWh, 0:00:00.874075)
2026-03-10 19:49:53,319  INFO        Hydro caps — bids: 1046.6 MWh, offers: 330.5 MWh
2026-03-10 19:49:55,013  INFO      [73/366]  2024-03-13  OK  (1024 actions, 131562 MWh, 0:00:01.988490)
2026-03-10 19:49:55,306  INFO        Hydro caps — bids: 528.6 MWh, offers: 152.1 MWh
2026-03-10 19:49:56,126  INFO      [74/366]  2024-03-14  OK  (445 actions, 33375 MWh, 0:00:01.112766)
2026-03-10 19:49:56,416  INFO        Hydro caps — bids: 1252.0 MWh, offers: 0.0 MWh
2026-03-10 19:49:57,498  INFO      [75/366]  2024-03-15  OK  (606 actions, 44446 MWh, 0:00:01.371617)
2026-03-10 19:49:57,788  INFO        Hydro caps — bids: 2509.5 MWh, offers: 14.0 MWh
2026-03-10 19:49:59,044  INFO      [76/366]  2024-03-16  OK  (734 actions, 58149 MWh, 0:00:01.545249)
2026-03-10 19:49:59,329  INFO        Hydro caps — bids: 1080.8 MWh, offers: 194.7 MWh
2026-03-10 19:50:00,244  INFO      [77/366]  2024-03-17  OK  (522 actions, 28188 MWh, 0:00:01.197570)
2026-03-10 19:50:00,534  INFO        Hydro caps — bids: 1796.4 MWh, offers: 43.8 MWh
2026-03-10 19:50:01,532  INFO      [78/366]  2024-03-18  OK  (615 actions, 67263 MWh, 0:00:01.288482)
2026-03-10 19:50:01,817  INFO        Hydro caps — bids: 1224.2 MWh, offers: 141.8 MWh
2026-03-10 19:50:03,413  INFO      [79/366]  2024-03-19  OK  (1006 actions, 91988 MWh, 0:00:01.880649)
2026-03-10 19:50:03,700  INFO        Hydro caps — bids: 411.2 MWh, offers: 151.7 MWh
2026-03-10 19:50:04,740  INFO      [80/366]  2024-03-20  OK  (610 actions, 42440 MWh, 0:00:01.326778)
2026-03-10 19:50:05,005  INFO        Hydro caps — bids: 1972.2 MWh, offers: 0.0 MWh
2026-03-10 19:50:06,705  INFO      [81/366]  2024-03-21  OK  (1074 actions, 149891 MWh, 0:00:01.963154)
2026-03-10 19:50:06,996  INFO        Hydro caps — bids: 1132.5 MWh, offers: 2.1 MWh
2026-03-10 19:50:09,739  INFO      [82/366]  2024-03-22  OK  (1948 actions, 165819 MWh, 0:00:03.033055)
2026-03-10 19:50:10,044  INFO        Hydro caps — bids: 1057.4 MWh, offers: 18.5 MWh
2026-03-10 19:50:12,835  INFO      [83/366]  2024-03-23  OK  (1640 actions, 116309 MWh, 0:00:03.095756)
2026-03-10 19:50:13,300  INFO        Hydro caps — bids: 166.2 MWh, offers: 237.6 MWh
2026-03-10 19:50:14,180  INFO      [84/366]  2024-03-24  OK  (480 actions, 33070 MWh, 0:00:01.345290)
2026-03-10 19:50:14,475  INFO        Hydro caps — bids: 894.2 MWh, offers: 0.0 MWh
2026-03-10 19:50:14,796  INFO      [85/366]  2024-03-25  OK  (121 actions, 10323 MWh, 0:00:00.615351)
2026-03-10 19:50:15,093  INFO        Hydro caps — bids: 1410.0 MWh, offers: 88.4 MWh
2026-03-10 19:50:15,535  INFO      [86/366]  2024-03-26  OK  (196 actions, 18821 MWh, 0:00:00.739396)
2026-03-10 19:50:15,838  INFO        Hydro caps — bids: 1547.1 MWh, offers: 23.5 MWh
2026-03-10 19:50:16,572  INFO      [87/366]  2024-03-27  OK  (392 actions, 32191 MWh, 0:00:01.036902)
2026-03-10 19:50:16,868  INFO        Hydro caps — bids: 1841.7 MWh, offers: 267.1 MWh
2026-03-10 19:50:17,666  INFO      [88/366]  2024-03-28  OK  (403 actions, 39307 MWh, 0:00:01.093081)
2026-03-10 19:50:18,049  INFO        Hydro caps — bids: 1065.4 MWh, offers: 199.5 MWh
2026-03-10 19:50:18,573  INFO      [89/366]  2024-03-29  OK  (260 actions, 11645 MWh, 0:00:00.907021)
2026-03-10 19:50:18,867  INFO        Hydro caps — bids: 453.1 MWh, offers: 2.8 MWh
2026-03-10 19:50:19,093  INFO      [90/366]  2024-03-30  OK  (59 actions, 3062 MWh, 0:00:00.520306)
2026-03-10 19:50:19,365  INFO        Hydro caps — bids: 637.1 MWh, offers: 616.4 MWh
2026-03-10 19:50:19,781  INFO      [91/366]  2024-03-31  OK  (171 actions, 9395 MWh, 0:00:00.686561)
2026-03-10 19:50:20,074  INFO        Hydro caps — bids: 523.8 MWh, offers: 351.9 MWh
2026-03-10 19:50:20,312  INFO      [92/366]  2024-04-01  OK  (55 actions, 5062 MWh, 0:00:00.530871)
2026-03-10 19:50:20,610  INFO        Hydro caps — bids: 63.4 MWh, offers: 168.3 MWh
2026-03-10 19:50:20,922  INFO      [93/366]  2024-04-02  OK  (90 actions, 9887 MWh, 0:00:00.609233)
2026-03-10 19:50:21,217  INFO        Hydro caps — bids: 246.9 MWh, offers: 71.4 MWh
2026-03-10 19:50:21,932  INFO      [94/366]  2024-04-03  OK  (304 actions, 40507 MWh, 0:00:01.007319)
2026-03-10 19:50:22,228  INFO        Hydro caps — bids: 92.5 MWh, offers: 0.0 MWh
2026-03-10 19:50:22,397  INFO      [95/366]  2024-04-04  OK  (22 actions, 1090 MWh, 0:00:00.465323)
2026-03-10 19:50:22,690  INFO        Hydro caps — bids: 602.6 MWh, offers: 68.9 MWh
2026-03-10 19:50:23,597  INFO      [96/366]  2024-04-05  OK  (507 actions, 23198 MWh, 0:00:01.199769)
2026-03-10 19:50:23,890  INFO        Hydro caps — bids: 750.1 MWh, offers: 244.4 MWh
2026-03-10 19:50:26,281  INFO      [97/366]  2024-04-06  OK  (1484 actions, 97302 MWh, 0:00:02.684491)
2026-03-10 19:50:26,662  INFO        Hydro caps — bids: 350.8 MWh, offers: 0.0 MWh
2026-03-10 19:50:28,882  INFO      [98/366]  2024-04-07  OK  (1411 actions, 101623 MWh, 0:00:02.600523)
2026-03-10 19:50:29,174  INFO        Hydro caps — bids: 727.8 MWh, offers: 125.5 MWh
2026-03-10 19:50:30,243  INFO      [99/366]  2024-04-08  OK  (639 actions, 60919 MWh, 0:00:01.359987)
2026-03-10 19:50:30,535  INFO        Hydro caps — bids: 858.9 MWh, offers: 132.6 MWh
2026-03-10 19:50:31,820  INFO      [100/366]  2024-04-09  OK  (830 actions, 53823 MWh, 0:00:01.576272)
2026-03-10 19:50:32,110  INFO        Hydro caps — bids: 1141.8 MWh, offers: 128.5 MWh
2026-03-10 19:50:33,156  INFO      [101/366]  2024-04-10  OK  (538 actions, 42180 MWh, 0:00:01.335391)
2026-03-10 19:50:33,548  INFO        Hydro caps — bids: 1328.9 MWh, offers: 91.1 MWh
2026-03-10 19:50:35,395  INFO      [102/366]  2024-04-11  OK  (1270 actions, 93566 MWh, 0:00:02.238277)
2026-03-10 19:50:35,697  INFO        Hydro caps — bids: 1648.6 MWh, offers: 37.5 MWh
2026-03-10 19:50:37,795  INFO      [103/366]  2024-04-12  OK  (1446 actions, 105234 MWh, 0:00:02.400570)
2026-03-10 19:50:38,092  INFO        Hydro caps — bids: 1121.7 MWh, offers: 165.0 MWh
2026-03-10 19:50:40,335  INFO      [104/366]  2024-04-13  OK  (1582 actions, 131989 MWh, 0:00:02.538747)
2026-03-10 19:50:40,632  INFO        Hydro caps — bids: 1290.2 MWh, offers: 1.8 MWh
2026-03-10 19:50:42,564  INFO      [105/366]  2024-04-14  OK  (1306 actions, 118093 MWh, 0:00:02.229227)
2026-03-10 19:50:42,858  INFO        Hydro caps — bids: 882.5 MWh, offers: 189.9 MWh
2026-03-10 19:50:44,731  INFO      [106/366]  2024-04-15  OK  (1220 actions, 89065 MWh, 0:00:02.167284)
2026-03-10 19:50:45,022  INFO        Hydro caps — bids: 1091.6 MWh, offers: 259.4 MWh
2026-03-10 19:50:46,266  INFO      [107/366]  2024-04-16  OK  (762 actions, 72586 MWh, 0:00:01.535043)
2026-03-10 19:50:46,552  INFO        Hydro caps — bids: 692.4 MWh, offers: 67.3 MWh
2026-03-10 19:50:47,118  INFO      [108/366]  2024-04-17  OK  (252 actions, 35009 MWh, 0:00:00.851713)
2026-03-10 19:50:47,410  INFO        Hydro caps — bids: 2074.0 MWh, offers: 65.9 MWh
2026-03-10 19:50:48,161  INFO      [109/366]  2024-04-18  OK  (392 actions, 56089 MWh, 0:00:01.041842)
2026-03-10 19:50:48,447  INFO        Hydro caps — bids: 1990.4 MWh, offers: 70.4 MWh
2026-03-10 19:50:50,144  INFO      [110/366]  2024-04-19  OK  (1074 actions, 87747 MWh, 0:00:01.982094)
2026-03-10 19:50:50,442  INFO        Hydro caps — bids: 897.5 MWh, offers: 0.0 MWh
2026-03-10 19:50:50,795  INFO      [111/366]  2024-04-20  OK  (127 actions, 5092 MWh, 0:00:00.650485)
2026-03-10 19:50:51,086  INFO        Hydro caps — bids: 774.2 MWh, offers: 106.8 MWh
2026-03-10 19:50:51,971  INFO      [112/366]  2024-04-21  OK  (509 actions, 24103 MWh, 0:00:01.174751)
2026-03-10 19:50:52,284  INFO        Hydro caps — bids: 696.9 MWh, offers: 120.9 MWh
2026-03-10 19:50:52,798  INFO      [113/366]  2024-04-22  OK  (242 actions, 25132 MWh, 0:00:00.825492)
2026-03-10 19:50:53,190  INFO        Hydro caps — bids: 421.5 MWh, offers: 3.8 MWh
2026-03-10 19:50:53,550  INFO      [114/366]  2024-04-23  OK  (122 actions, 13751 MWh, 0:00:00.751217)
2026-03-10 19:50:53,848  INFO        Hydro caps — bids: 174.8 MWh, offers: 0.0 MWh
2026-03-10 19:50:54,130  INFO      [115/366]  2024-04-24  OK  (73 actions, 6815 MWh, 0:00:00.579800)
2026-03-10 19:50:54,423  INFO        Hydro caps — bids: 18.4 MWh, offers: 10.8 MWh
2026-03-10 19:50:54,806  INFO      [116/366]  2024-04-25  OK  (133 actions, 12644 MWh, 0:00:00.676234)
2026-03-10 19:50:55,094  INFO        Hydro caps — bids: 0.0 MWh, offers: 72.7 MWh
2026-03-10 19:50:55,219  INFO      [117/366]  2024-04-26  OK  (2 actions, 50 MWh, 0:00:00.412522)
2026-03-10 19:50:55,515  INFO        Hydro caps — bids: 5.7 MWh, offers: 260.2 MWh
2026-03-10 19:50:55,643  INFO      [118/366]  2024-04-27  OK  (3 actions, 15 MWh, 0:00:00.423567)
2026-03-10 19:50:55,936  INFO        Hydro caps — bids: 328.7 MWh, offers: 0.0 MWh
2026-03-10 19:50:56,907  INFO      [119/366]  2024-04-28  OK  (556 actions, 45816 MWh, 0:00:01.263525)
2026-03-10 19:50:57,219  INFO        Hydro caps — bids: 318.9 MWh, offers: 0.0 MWh
2026-03-10 19:50:59,205  INFO      [120/366]  2024-04-29  OK  (1089 actions, 108694 MWh, 0:00:02.297884)
2026-03-10 19:50:59,511  INFO        Hydro caps — bids: 417.2 MWh, offers: 0.0 MWh
2026-03-10 19:51:01,010  INFO      [121/366]  2024-04-30  OK  (959 actions, 91957 MWh, 0:00:01.805516)
2026-03-10 19:51:01,313  INFO        Hydro caps — bids: 133.1 MWh, offers: 98.2 MWh
2026-03-10 19:51:01,614  INFO      [122/366]  2024-05-01  OK  (67 actions, 4912 MWh, 0:00:00.601674)
2026-03-10 19:51:01,936  INFO        Hydro caps — bids: 77.5 MWh, offers: 0.0 MWh
2026-03-10 19:51:02,620  INFO      [123/366]  2024-05-02  OK  (328 actions, 27558 MWh, 0:00:01.004884)
2026-03-10 19:51:02,910  INFO        Hydro caps — bids: 76.4 MWh, offers: 0.0 MWh
2026-03-10 19:51:03,193  INFO      [124/366]  2024-05-03  OK  (85 actions, 3300 MWh, 0:00:00.573429)
2026-03-10 19:51:03,489  INFO        Hydro caps — bids: 48.9 MWh, offers: 335.2 MWh
2026-03-10 19:51:03,751  INFO      [125/366]  2024-05-04  OK  (67 actions, 3161 MWh, 0:00:00.555912)
2026-03-10 19:51:04,042  INFO        Hydro caps — bids: 74.8 MWh, offers: 0.0 MWh
2026-03-10 19:51:04,684  INFO      [126/366]  2024-05-05  OK  (328 actions, 17660 MWh, 0:00:00.932767)
2026-03-10 19:51:04,976  INFO        Hydro caps — bids: 10.8 MWh, offers: 0.0 MWh
2026-03-10 19:51:05,128  INFO      [127/366]  2024-05-06  OK  (13 actions, 211 MWh, 0:00:00.444711)
2026-03-10 19:51:05,508  INFO        Hydro caps — bids: 2.8 MWh, offers: 0.0 MWh
2026-03-10 19:51:06,094  INFO      [128/366]  2024-05-07  OK  (271 actions, 24417 MWh, 0:00:00.964180)
2026-03-10 19:51:06,408  INFO        Hydro caps — bids: 35.1 MWh, offers: 253.9 MWh
2026-03-10 19:51:06,700  INFO      [129/366]  2024-05-08  OK  (79 actions, 15973 MWh, 0:00:00.604991)
2026-03-10 19:51:06,990  INFO        Hydro caps — bids: 0.0 MWh, offers: 29.9 MWh
2026-03-10 19:51:07,314  INFO      [130/366]  2024-05-09  OK  (93 actions, 23785 MWh, 0:00:00.613215)
2026-03-10 19:51:07,602  INFO        Hydro caps — bids: 1.4 MWh, offers: 0.0 MWh
2026-03-10 19:51:07,733  INFO      [131/366]  2024-05-10  OK  (2 actions, 18 MWh, 0:00:00.419012)
2026-03-10 19:51:08,022  INFO        Hydro caps — bids: 40.0 MWh, offers: 347.8 MWh
2026-03-10 19:51:08,401  INFO      [132/366]  2024-05-11  OK  (135 actions, 17198 MWh, 0:00:00.667515)
2026-03-10 19:51:08,691  INFO        Hydro caps — bids: 23.8 MWh, offers: 20.7 MWh
2026-03-10 19:51:09,716  INFO      [133/366]  2024-05-12  OK  (628 actions, 48179 MWh, 0:00:01.313975)
2026-03-10 19:51:10,012  INFO        Hydro caps — bids: 59.9 MWh, offers: 788.5 MWh
2026-03-10 19:51:10,303  INFO      [134/366]  2024-05-13  OK  (77 actions, 15350 MWh, 0:00:00.587779)
2026-03-10 19:51:10,598  INFO        Hydro caps — bids: 128.0 MWh, offers: 64.3 MWh
2026-03-10 19:51:10,894  INFO      [135/366]  2024-05-14  OK  (77 actions, 8668 MWh, 0:00:00.590974)
2026-03-10 19:51:11,189  INFO        Hydro caps — bids: 5.2 MWh, offers: 278.2 MWh
2026-03-10 19:51:11,327  INFO      [136/366]  2024-05-15  OK  (7 actions, 147 MWh, 0:00:00.432279)
2026-03-10 19:51:11,622  INFO        Hydro caps — bids: 26.4 MWh, offers: 259.0 MWh
2026-03-10 19:51:11,765  INFO      [137/366]  2024-05-16  OK  (8 actions, 92 MWh, 0:00:00.437370)
2026-03-10 19:51:12,062  INFO        Hydro caps — bids: 9.4 MWh, offers: 141.8 MWh
2026-03-10 19:51:12,212  INFO      [138/366]  2024-05-17  OK  (9 actions, 90 MWh, 0:00:00.447054)
2026-03-10 19:51:12,503  INFO        Hydro caps — bids: 21.0 MWh, offers: 880.3 MWh
2026-03-10 19:51:12,780  INFO      [139/366]  2024-05-18  OK  (69 actions, 147 MWh, 0:00:00.568491)
2026-03-10 19:51:13,069  INFO        Hydro caps — bids: 18.5 MWh, offers: 285.9 MWh
2026-03-10 19:51:13,555  INFO      [140/366]  2024-05-19  OK  (178 actions, 11707 MWh, 0:00:00.774256)
2026-03-10 19:51:13,863  INFO        Hydro caps — bids: 0.9 MWh, offers: 234.2 MWh
2026-03-10 19:51:14,059  INFO      [141/366]  2024-05-20  OK  (0 actions, 0 MWh, 0:00:00.502985)
2026-03-10 19:51:14,347  INFO        Hydro caps — bids: 0.0 MWh, offers: 459.9 MWh
2026-03-10 19:51:14,473  INFO      [142/366]  2024-05-21  OK  (5 actions, 54 MWh, 0:00:00.412541)
2026-03-10 19:51:14,756  INFO        Hydro caps — bids: 25.4 MWh, offers: 200.8 MWh
2026-03-10 19:51:16,133  INFO      [143/366]  2024-05-22  OK  (889 actions, 60982 MWh, 0:00:01.660722)
2026-03-10 19:51:16,422  INFO        Hydro caps — bids: 55.3 MWh, offers: 73.5 MWh
2026-03-10 19:51:17,298  INFO      [144/366]  2024-05-23  OK  (485 actions, 28237 MWh, 0:00:01.164191)
2026-03-10 19:51:17,585  INFO        Hydro caps — bids: 0.0 MWh, offers: 363.5 MWh
2026-03-10 19:51:17,710  INFO      [145/366]  2024-05-24  OK  (0 actions, 0 MWh, 0:00:00.410266)
2026-03-10 19:51:18,007  INFO        Hydro caps — bids: 61.3 MWh, offers: 0.0 MWh
2026-03-10 19:51:18,152  INFO      [146/366]  2024-05-25  OK  (10 actions, 244 MWh, 0:00:00.440768)
2026-03-10 19:51:18,446  INFO        Hydro caps — bids: 8.3 MWh, offers: 38.2 MWh
2026-03-10 19:51:18,672  INFO      [147/366]  2024-05-26  OK  (54 actions, 4831 MWh, 0:00:00.518383)
2026-03-10 19:51:18,967  INFO        Hydro caps — bids: 23.2 MWh, offers: 254.5 MWh
2026-03-10 19:51:19,136  INFO      [148/366]  2024-05-27  OK  (21 actions, 662 MWh, 0:00:00.464163)
2026-03-10 19:51:19,453  INFO        Hydro caps — bids: 110.9 MWh, offers: 466.1 MWh
2026-03-10 19:51:19,848  INFO      [149/366]  2024-05-28  OK  (147 actions, 10683 MWh, 0:00:00.711736)
2026-03-10 19:51:20,140  INFO        Hydro caps — bids: 3.3 MWh, offers: 483.5 MWh
2026-03-10 19:51:20,506  INFO      [150/366]  2024-05-29  OK  (133 actions, 6400 MWh, 0:00:00.656886)
2026-03-10 19:51:20,794  INFO        Hydro caps — bids: 78.4 MWh, offers: 415.6 MWh
2026-03-10 19:51:21,702  INFO      [151/366]  2024-05-30  OK  (483 actions, 46169 MWh, 0:00:01.196478)
2026-03-10 19:51:21,993  INFO        Hydro caps — bids: 0.0 MWh, offers: 705.4 MWh
2026-03-10 19:51:22,240  INFO      [152/366]  2024-05-31  OK  (65 actions, 2898 MWh, 0:00:00.536191)
2026-03-10 19:51:22,548  INFO        Hydro caps — bids: 0.0 MWh, offers: 0.0 MWh
2026-03-10 19:51:22,743  INFO      [153/366]  2024-06-01  OK  (41 actions, 935 MWh, 0:00:00.502292)
2026-03-10 19:51:23,045  INFO        Hydro caps — bids: 6.2 MWh, offers: 42.6 MWh
2026-03-10 19:51:23,556  INFO      [154/366]  2024-06-02  OK  (241 actions, 27853 MWh, 0:00:00.811686)
2026-03-10 19:51:23,852  INFO        Hydro caps — bids: 333.6 MWh, offers: 0.0 MWh
2026-03-10 19:51:24,729  INFO      [155/366]  2024-06-03  OK  (393 actions, 65496 MWh, 0:00:01.173373)
2026-03-10 19:51:25,015  INFO        Hydro caps — bids: 346.2 MWh, offers: 20.9 MWh
2026-03-10 19:51:26,455  INFO      [156/366]  2024-06-04  OK  (879 actions, 129480 MWh, 0:00:01.726022)
2026-03-10 19:51:26,746  INFO        Hydro caps — bids: 228.9 MWh, offers: 0.0 MWh
2026-03-10 19:51:27,779  INFO      [157/366]  2024-06-05  OK  (612 actions, 63771 MWh, 0:00:01.322628)
2026-03-10 19:51:28,084  INFO        Hydro caps — bids: 143.8 MWh, offers: 0.0 MWh
2026-03-10 19:51:28,431  INFO      [158/366]  2024-06-06  OK  (101 actions, 15140 MWh, 0:00:00.652519)
2026-03-10 19:51:28,727  INFO        Hydro caps — bids: 159.7 MWh, offers: 0.0 MWh
2026-03-10 19:51:30,029  INFO      [159/366]  2024-06-07  OK  (819 actions, 67789 MWh, 0:00:01.598281)
2026-03-10 19:51:30,313  INFO        Hydro caps — bids: 40.7 MWh, offers: 0.0 MWh
2026-03-10 19:51:32,966  INFO      [160/366]  2024-06-08  OK  (1402 actions, 140644 MWh, 0:00:02.936041)
2026-03-10 19:51:33,257  INFO        Hydro caps — bids: 128.6 MWh, offers: 61.1 MWh
2026-03-10 19:51:34,364  INFO      [161/366]  2024-06-09  OK  (661 actions, 46103 MWh, 0:00:01.398869)
2026-03-10 19:51:34,647  INFO        Hydro caps — bids: 168.5 MWh, offers: 317.2 MWh
2026-03-10 19:51:35,985  INFO      [162/366]  2024-06-10  OK  (829 actions, 73067 MWh, 0:00:01.620389)
2026-03-10 19:51:36,285  INFO        Hydro caps — bids: 415.9 MWh, offers: 229.3 MWh
2026-03-10 19:51:37,106  INFO      [163/366]  2024-06-11  OK  (372 actions, 47382 MWh, 0:00:01.118757)
2026-03-10 19:51:37,484  INFO        Hydro caps — bids: 122.9 MWh, offers: 504.6 MWh
2026-03-10 19:51:38,600  INFO      [164/366]  2024-06-12  OK  (616 actions, 45464 MWh, 0:00:01.494095)
2026-03-10 19:51:38,891  INFO        Hydro caps — bids: 336.7 MWh, offers: 54.3 MWh
2026-03-10 19:51:39,324  INFO      [165/366]  2024-06-13  OK  (193 actions, 27508 MWh, 0:00:00.723480)
2026-03-10 19:51:39,617  INFO        Hydro caps — bids: 205.2 MWh, offers: 278.2 MWh
2026-03-10 19:51:40,224  INFO      [166/366]  2024-06-14  OK  (262 actions, 32792 MWh, 0:00:00.898310)
2026-03-10 19:51:40,526  INFO        Hydro caps — bids: 33.1 MWh, offers: 688.1 MWh
2026-03-10 19:51:41,522  INFO      [167/366]  2024-06-15  OK  (583 actions, 42208 MWh, 0:00:01.298232)
2026-03-10 19:51:41,917  INFO        Hydro caps — bids: 0.0 MWh, offers: 115.1 MWh
2026-03-10 19:51:42,496  INFO      [168/366]  2024-06-16  OK  (286 actions, 19750 MWh, 0:00:00.973976)
2026-03-10 19:51:42,794  INFO        Hydro caps — bids: 218.5 MWh, offers: 52.2 MWh
2026-03-10 19:51:42,982  INFO      [169/366]  2024-06-17  OK  (32 actions, 1331 MWh, 0:00:00.485543)
2026-03-10 19:51:43,283  INFO        Hydro caps — bids: 314.4 MWh, offers: 37.9 MWh
2026-03-10 19:51:43,490  INFO      [170/366]  2024-06-18  OK  (46 actions, 2522 MWh, 0:00:00.508077)
2026-03-10 19:51:43,794  INFO        Hydro caps — bids: 349.5 MWh, offers: 32.5 MWh
2026-03-10 19:51:44,341  INFO      [171/366]  2024-06-19  OK  (287 actions, 27831 MWh, 0:00:00.849359)
2026-03-10 19:51:44,637  INFO        Hydro caps — bids: 761.6 MWh, offers: 4.6 MWh
2026-03-10 19:51:45,031  INFO      [172/366]  2024-06-20  OK  (147 actions, 11214 MWh, 0:00:00.689151)
2026-03-10 19:51:45,334  INFO        Hydro caps — bids: 613.9 MWh, offers: 47.5 MWh
2026-03-10 19:51:45,710  INFO      [173/366]  2024-06-21  OK  (124 actions, 9463 MWh, 0:00:00.677732)
2026-03-10 19:51:46,015  INFO        Hydro caps — bids: 406.7 MWh, offers: 3.2 MWh
2026-03-10 19:51:46,424  INFO      [174/366]  2024-06-22  OK  (161 actions, 17349 MWh, 0:00:00.713989)
2026-03-10 19:51:46,719  INFO        Hydro caps — bids: 229.1 MWh, offers: 0.0 MWh
2026-03-10 19:51:47,026  INFO      [175/366]  2024-06-23  OK  (97 actions, 9947 MWh, 0:00:00.599918)
2026-03-10 19:51:47,320  INFO        Hydro caps — bids: 0.0 MWh, offers: 111.3 MWh
2026-03-10 19:51:47,663  INFO      [176/366]  2024-06-24  OK  (111 actions, 5135 MWh, 0:00:00.637342)
2026-03-10 19:51:47,951  INFO        Hydro caps — bids: 54.3 MWh, offers: 14.9 MWh
2026-03-10 19:51:48,112  INFO      [177/366]  2024-06-25  OK  (17 actions, 608 MWh, 0:00:00.449105)
2026-03-10 19:51:48,411  INFO        Hydro caps — bids: 399.3 MWh, offers: 36.5 MWh
2026-03-10 19:51:48,756  INFO      [178/366]  2024-06-26  OK  (108 actions, 18817 MWh, 0:00:00.642662)
2026-03-10 19:51:49,050  INFO        Hydro caps — bids: 514.2 MWh, offers: 0.0 MWh
2026-03-10 19:51:50,719  INFO      [179/366]  2024-06-27  OK  (1075 actions, 138119 MWh, 0:00:01.961424)
2026-03-10 19:51:51,017  INFO        Hydro caps — bids: 916.4 MWh, offers: 0.0 MWh
2026-03-10 19:51:53,276  INFO      [180/366]  2024-06-28  OK  (1517 actions, 169278 MWh, 0:00:02.555732)
2026-03-10 19:51:53,674  INFO        Hydro caps — bids: 961.1 MWh, offers: 33.8 MWh
2026-03-10 19:51:54,685  INFO      [181/366]  2024-06-29  OK  (553 actions, 65468 MWh, 0:00:01.408737)
2026-03-10 19:51:54,979  INFO        Hydro caps — bids: 304.7 MWh, offers: 539.5 MWh
2026-03-10 19:51:55,160  INFO      [182/366]  2024-06-30  OK  (32 actions, 1571 MWh, 0:00:00.474327)
2026-03-10 19:51:55,459  INFO        Hydro caps — bids: 511.7 MWh, offers: 212.6 MWh
2026-03-10 19:51:55,873  INFO      [183/366]  2024-07-01  OK  (148 actions, 21589 MWh, 0:00:00.712044)
2026-03-10 19:51:56,168  INFO        Hydro caps — bids: 4.1 MWh, offers: 125.3 MWh
2026-03-10 19:51:56,576  INFO      [184/366]  2024-07-02  OK  (141 actions, 9851 MWh, 0:00:00.702036)
2026-03-10 19:51:56,878  INFO        Hydro caps — bids: 337.9 MWh, offers: 51.8 MWh
2026-03-10 19:51:58,413  INFO      [185/366]  2024-07-03  OK  (951 actions, 75836 MWh, 0:00:01.835785)
2026-03-10 19:51:58,710  INFO        Hydro caps — bids: 173.9 MWh, offers: 0.0 MWh
2026-03-10 19:52:00,879  INFO      [186/366]  2024-07-04  OK  (1446 actions, 124448 MWh, 0:00:02.465280)
2026-03-10 19:52:01,182  INFO        Hydro caps — bids: 112.7 MWh, offers: 0.0 MWh
2026-03-10 19:52:02,831  INFO      [187/366]  2024-07-05  OK  (1064 actions, 88142 MWh, 0:00:01.950809)
2026-03-10 19:52:03,130  INFO        Hydro caps — bids: 246.8 MWh, offers: 356.5 MWh
2026-03-10 19:52:03,586  INFO      [188/366]  2024-07-06  OK  (177 actions, 6556 MWh, 0:00:00.754368)
2026-03-10 19:52:03,893  INFO        Hydro caps — bids: 118.4 MWh, offers: 24.4 MWh
2026-03-10 19:52:04,114  INFO      [189/366]  2024-07-07  OK  (52 actions, 2065 MWh, 0:00:00.526669)
2026-03-10 19:52:04,406  INFO        Hydro caps — bids: 24.0 MWh, offers: 20.2 MWh
2026-03-10 19:52:04,551  INFO      [190/366]  2024-07-08  OK  (12 actions, 492 MWh, 0:00:00.436955)
2026-03-10 19:52:04,851  INFO        Hydro caps — bids: 15.7 MWh, offers: 103.1 MWh
2026-03-10 19:52:05,108  INFO      [191/366]  2024-07-09  OK  (69 actions, 8392 MWh, 0:00:00.556432)
2026-03-10 19:52:05,408  INFO        Hydro caps — bids: 88.3 MWh, offers: 141.7 MWh
2026-03-10 19:52:06,081  INFO      [192/366]  2024-07-10  OK  (322 actions, 61511 MWh, 0:00:00.972888)
2026-03-10 19:52:06,378  INFO        Hydro caps — bids: 82.8 MWh, offers: 276.6 MWh
2026-03-10 19:52:06,977  INFO      [193/366]  2024-07-11  OK  (237 actions, 52333 MWh, 0:00:00.895495)
2026-03-10 19:52:07,391  INFO        Hydro caps — bids: 0.0 MWh, offers: 0.0 MWh
2026-03-10 19:52:07,511  INFO      [194/366]  2024-07-12  OK  (0 actions, 0 MWh, 0:00:00.533009)
2026-03-10 19:52:07,811  INFO        Hydro caps — bids: 117.6 MWh, offers: 207.3 MWh
2026-03-10 19:52:08,076  INFO      [195/366]  2024-07-13  OK  (73 actions, 8471 MWh, 0:00:00.565258)
2026-03-10 19:52:08,374  INFO        Hydro caps — bids: 117.5 MWh, offers: 5.1 MWh
2026-03-10 19:52:09,009  INFO      [196/366]  2024-07-14  OK  (285 actions, 30827 MWh, 0:00:00.931733)
2026-03-10 19:52:09,302  INFO        Hydro caps — bids: 101.1 MWh, offers: 173.8 MWh
2026-03-10 19:52:09,584  INFO      [197/366]  2024-07-15  OK  (86 actions, 5561 MWh, 0:00:00.574645)
2026-03-10 19:52:09,875  INFO        Hydro caps — bids: 110.0 MWh, offers: 71.4 MWh
2026-03-10 19:52:10,027  INFO      [198/366]  2024-07-16  OK  (13 actions, 421 MWh, 0:00:00.440384)
2026-03-10 19:52:10,325  INFO        Hydro caps — bids: 143.0 MWh, offers: 0.0 MWh
2026-03-10 19:52:10,545  INFO      [199/366]  2024-07-17  OK  (49 actions, 5178 MWh, 0:00:00.518156)
2026-03-10 19:52:10,841  INFO        Hydro caps — bids: 63.1 MWh, offers: 505.0 MWh
2026-03-10 19:52:11,517  INFO      [200/366]  2024-07-18  OK  (282 actions, 36118 MWh, 0:00:00.971950)
2026-03-10 19:52:11,826  INFO        Hydro caps — bids: 235.9 MWh, offers: 10.7 MWh
2026-03-10 19:52:12,365  INFO      [201/366]  2024-07-19  OK  (220 actions, 31140 MWh, 0:00:00.848340)
2026-03-10 19:52:12,653  INFO        Hydro caps — bids: 69.9 MWh, offers: 0.0 MWh
2026-03-10 19:52:12,956  INFO      [202/366]  2024-07-20  OK  (83 actions, 5509 MWh, 0:00:00.589995)
2026-03-10 19:52:13,252  INFO        Hydro caps — bids: 183.0 MWh, offers: 3.5 MWh
2026-03-10 19:52:13,700  INFO      [203/366]  2024-07-21  OK  (172 actions, 13825 MWh, 0:00:00.743589)
2026-03-10 19:52:13,999  INFO        Hydro caps — bids: 17.1 MWh, offers: 7.5 MWh
2026-03-10 19:52:14,196  INFO      [204/366]  2024-07-22  OK  (31 actions, 379 MWh, 0:00:00.494885)
2026-03-10 19:52:14,489  INFO        Hydro caps — bids: 99.6 MWh, offers: 0.0 MWh
2026-03-10 19:52:14,658  INFO      [205/366]  2024-07-23  OK  (19 actions, 425 MWh, 0:00:00.462609)
2026-03-10 19:52:14,959  INFO        Hydro caps — bids: 84.2 MWh, offers: 19.0 MWh
2026-03-10 19:52:15,343  INFO      [206/366]  2024-07-24  OK  (142 actions, 20670 MWh, 0:00:00.685074)
2026-03-10 19:52:15,640  INFO        Hydro caps — bids: 50.7 MWh, offers: 3.6 MWh
2026-03-10 19:52:16,073  INFO      [207/366]  2024-07-25  OK  (115 actions, 8110 MWh, 0:00:00.727755)
2026-03-10 19:52:16,369  INFO        Hydro caps — bids: 71.6 MWh, offers: 0.0 MWh
2026-03-10 19:52:16,572  INFO      [208/366]  2024-07-26  OK  (46 actions, 2451 MWh, 0:00:00.498687)
2026-03-10 19:52:16,856  INFO        Hydro caps — bids: 24.7 MWh, offers: 0.0 MWh
2026-03-10 19:52:16,992  INFO      [209/366]  2024-07-27  OK  (7 actions, 210 MWh, 0:00:00.420512)
2026-03-10 19:52:17,285  INFO        Hydro caps — bids: 45.6 MWh, offers: 0.0 MWh
2026-03-10 19:52:17,473  INFO      [210/366]  2024-07-28  OK  (34 actions, 2999 MWh, 0:00:00.479719)
2026-03-10 19:52:17,766  INFO        Hydro caps — bids: 69.7 MWh, offers: 0.0 MWh
2026-03-10 19:52:18,039  INFO      [211/366]  2024-07-29  OK  (73 actions, 7062 MWh, 0:00:00.565079)
2026-03-10 19:52:18,339  INFO        Hydro caps — bids: 121.8 MWh, offers: 114.6 MWh
2026-03-10 19:52:18,721  INFO      [212/366]  2024-07-30  OK  (132 actions, 24753 MWh, 0:00:00.681954)
2026-03-10 19:52:19,014  INFO        Hydro caps — bids: 99.2 MWh, offers: 0.0 MWh
2026-03-10 19:52:19,269  INFO      [213/366]  2024-07-31  OK  (61 actions, 2024 MWh, 0:00:00.546090)
2026-03-10 19:52:19,564  INFO        Hydro caps — bids: 90.7 MWh, offers: 195.5 MWh
2026-03-10 19:52:19,778  INFO      [214/366]  2024-08-01  OK  (45 actions, 4414 MWh, 0:00:00.507405)
2026-03-10 19:52:20,098  INFO        Hydro caps — bids: 45.8 MWh, offers: 0.0 MWh
2026-03-10 19:52:20,606  INFO      [215/366]  2024-08-02  OK  (190 actions, 36910 MWh, 0:00:00.828583)
2026-03-10 19:52:20,913  INFO        Hydro caps — bids: 47.2 MWh, offers: 0.0 MWh
2026-03-10 19:52:21,084  INFO      [216/366]  2024-08-03  OK  (19 actions, 949 MWh, 0:00:00.476219)
2026-03-10 19:52:21,378  INFO        Hydro caps — bids: 61.1 MWh, offers: 108.6 MWh
2026-03-10 19:52:22,554  INFO      [217/366]  2024-08-04  OK  (729 actions, 49643 MWh, 0:00:01.469460)
2026-03-10 19:52:22,850  INFO        Hydro caps — bids: 67.0 MWh, offers: 420.1 MWh
2026-03-10 19:52:24,276  INFO      [218/366]  2024-08-05  OK  (871 actions, 64716 MWh, 0:00:01.722298)
2026-03-10 19:52:24,592  INFO        Hydro caps — bids: 331.8 MWh, offers: 187.6 MWh
2026-03-10 19:52:24,995  INFO      [219/366]  2024-08-06  OK  (168 actions, 19635 MWh, 0:00:00.718462)
2026-03-10 19:52:25,295  INFO        Hydro caps — bids: 435.0 MWh, offers: 129.8 MWh
2026-03-10 19:52:27,274  INFO      [220/366]  2024-08-07  OK  (1304 actions, 139379 MWh, 0:00:02.279059)
2026-03-10 19:52:27,570  INFO        Hydro caps — bids: 264.3 MWh, offers: 0.0 MWh
2026-03-10 19:52:28,479  INFO      [221/366]  2024-08-08  OK  (475 actions, 52852 MWh, 0:00:01.204376)
2026-03-10 19:52:28,777  INFO        Hydro caps — bids: 472.9 MWh, offers: 58.9 MWh
2026-03-10 19:52:31,020  INFO      [222/366]  2024-08-09  OK  (1588 actions, 159682 MWh, 0:00:02.541259)
2026-03-10 19:52:31,328  INFO        Hydro caps — bids: 581.1 MWh, offers: 327.0 MWh
2026-03-10 19:52:33,647  INFO      [223/366]  2024-08-10  OK  (1226 actions, 143866 MWh, 0:00:02.626482)
2026-03-10 19:52:33,998  INFO        Hydro caps — bids: 998.3 MWh, offers: 15.6 MWh
2026-03-10 19:52:34,409  INFO      [224/366]  2024-08-11  OK  (150 actions, 17612 MWh, 0:00:00.761766)
2026-03-10 19:52:34,723  INFO        Hydro caps — bids: 828.5 MWh, offers: 1150.2 MWh
2026-03-10 19:52:36,428  INFO      [225/366]  2024-08-12  OK  (1081 actions, 85942 MWh, 0:00:02.019192)
2026-03-10 19:52:36,730  INFO        Hydro caps — bids: 746.0 MWh, offers: 603.9 MWh
2026-03-10 19:52:37,294  INFO      [226/366]  2024-08-13  OK  (252 actions, 44299 MWh, 0:00:00.865649)
2026-03-10 19:52:37,586  INFO        Hydro caps — bids: 868.4 MWh, offers: 367.6 MWh
2026-03-10 19:52:38,274  INFO      [227/366]  2024-08-14  OK  (316 actions, 50016 MWh, 0:00:00.979735)
2026-03-10 19:52:38,572  INFO        Hydro caps — bids: 644.8 MWh, offers: 200.1 MWh
2026-03-10 19:52:40,362  INFO      [228/366]  2024-08-15  OK  (1179 actions, 108868 MWh, 0:00:02.088014)
2026-03-10 19:52:40,664  INFO        Hydro caps — bids: 1040.4 MWh, offers: 27.1 MWh
2026-03-10 19:52:42,039  INFO      [229/366]  2024-08-16  OK  (821 actions, 131085 MWh, 0:00:01.676789)
2026-03-10 19:52:42,350  INFO        Hydro caps — bids: 1566.8 MWh, offers: 302.9 MWh
2026-03-10 19:52:43,585  INFO      [230/366]  2024-08-17  OK  (745 actions, 100525 MWh, 0:00:01.545806)
2026-03-10 19:52:43,883  INFO        Hydro caps — bids: 1455.9 MWh, offers: 58.6 MWh
2026-03-10 19:52:45,028  INFO      [231/366]  2024-08-18  OK  (676 actions, 83935 MWh, 0:00:01.442992)
2026-03-10 19:52:45,427  INFO        Hydro caps — bids: 1388.6 MWh, offers: 99.7 MWh
2026-03-10 19:52:46,100  INFO      [232/366]  2024-08-19  OK  (337 actions, 64660 MWh, 0:00:01.071681)
2026-03-10 19:52:46,396  INFO        Hydro caps — bids: 1078.7 MWh, offers: 89.2 MWh
2026-03-10 19:52:48,229  INFO      [233/366]  2024-08-20  OK  (1221 actions, 126224 MWh, 0:00:02.128602)
2026-03-10 19:52:48,526  INFO        Hydro caps — bids: 845.3 MWh, offers: 0.0 MWh
2026-03-10 19:52:51,245  INFO      [234/366]  2024-08-21  OK  (1919 actions, 213788 MWh, 0:00:03.015840)
2026-03-10 19:52:51,544  INFO        Hydro caps — bids: 844.0 MWh, offers: 459.8 MWh
2026-03-10 19:52:54,156  INFO      [235/366]  2024-08-22  OK  (1730 actions, 223814 MWh, 0:00:02.909588)
2026-03-10 19:52:54,534  INFO        Hydro caps — bids: 1179.2 MWh, offers: 254.4 MWh
2026-03-10 19:52:55,984  INFO      [236/366]  2024-08-23  OK  (885 actions, 98755 MWh, 0:00:01.827159)
2026-03-10 19:52:56,278  INFO        Hydro caps — bids: 1138.5 MWh, offers: 300.2 MWh
2026-03-10 19:52:58,558  INFO      [237/366]  2024-08-24  OK  (1512 actions, 111672 MWh, 0:00:02.574256)
2026-03-10 19:52:58,863  INFO        Hydro caps — bids: 874.7 MWh, offers: 245.0 MWh
2026-03-10 19:53:01,374  INFO      [238/366]  2024-08-25  OK  (1637 actions, 135576 MWh, 0:00:02.815857)
2026-03-10 19:53:01,684  INFO        Hydro caps — bids: 870.6 MWh, offers: 0.0 MWh
2026-03-10 19:53:02,888  INFO      [239/366]  2024-08-26  OK  (744 actions, 45193 MWh, 0:00:01.513973)
2026-03-10 19:53:03,199  INFO        Hydro caps — bids: 905.3 MWh, offers: 0.0 MWh
2026-03-10 19:53:06,245  INFO      [240/366]  2024-08-27  OK  (2018 actions, 221533 MWh, 0:00:03.355588)
2026-03-10 19:53:06,542  INFO        Hydro caps — bids: 1082.4 MWh, offers: 230.7 MWh
2026-03-10 19:53:07,696  INFO      [241/366]  2024-08-28  OK  (665 actions, 85170 MWh, 0:00:01.451517)
2026-03-10 19:53:07,992  INFO        Hydro caps — bids: 852.8 MWh, offers: 320.3 MWh
2026-03-10 19:53:08,751  INFO      [242/366]  2024-08-29  OK  (375 actions, 64779 MWh, 0:00:01.054622)
2026-03-10 19:53:09,133  INFO        Hydro caps — bids: 630.5 MWh, offers: 191.5 MWh
2026-03-10 19:53:09,939  INFO      [243/366]  2024-08-30  OK  (408 actions, 67272 MWh, 0:00:01.187829)
2026-03-10 19:53:10,232  INFO        Hydro caps — bids: 861.4 MWh, offers: 8.3 MWh
2026-03-10 19:53:10,966  INFO      [244/366]  2024-08-31  OK  (361 actions, 28626 MWh, 0:00:01.027304)
2026-03-10 19:53:11,263  INFO        Hydro caps — bids: 1106.9 MWh, offers: 225.1 MWh
2026-03-10 19:53:12,192  INFO      [245/366]  2024-09-01  OK  (527 actions, 47383 MWh, 0:00:01.224659)
2026-03-10 19:53:12,498  INFO        Hydro caps — bids: 332.1 MWh, offers: 188.8 MWh
2026-03-10 19:53:12,835  INFO      [246/366]  2024-09-02  OK  (104 actions, 15716 MWh, 0:00:00.643438)
2026-03-10 19:53:13,133  INFO        Hydro caps — bids: 201.1 MWh, offers: 223.8 MWh
2026-03-10 19:53:13,419  INFO      [247/366]  2024-09-03  OK  (72 actions, 4330 MWh, 0:00:00.583423)
2026-03-10 19:53:13,719  INFO        Hydro caps — bids: 80.3 MWh, offers: 8.8 MWh
2026-03-10 19:53:13,965  INFO      [248/366]  2024-09-04  OK  (54 actions, 6349 MWh, 0:00:00.544437)
2026-03-10 19:53:14,264  INFO        Hydro caps — bids: 675.2 MWh, offers: 68.0 MWh
2026-03-10 19:53:14,831  INFO      [249/366]  2024-09-05  OK  (267 actions, 17448 MWh, 0:00:00.866179)
2026-03-10 19:53:15,138  INFO        Hydro caps — bids: 289.7 MWh, offers: 54.4 MWh
2026-03-10 19:53:15,753  INFO      [250/366]  2024-09-06  OK  (295 actions, 16534 MWh, 0:00:00.920373)
2026-03-10 19:53:16,070  INFO        Hydro caps — bids: 0.0 MWh, offers: 320.7 MWh
2026-03-10 19:53:16,190  INFO      [251/366]  2024-09-07  OK  (0 actions, 0 MWh, 0:00:00.437168)
2026-03-10 19:53:16,491  INFO        Hydro caps — bids: 391.9 MWh, offers: 264.2 MWh
2026-03-10 19:53:16,887  INFO      [252/366]  2024-09-08  OK  (146 actions, 11661 MWh, 0:00:00.697370)
2026-03-10 19:53:17,200  INFO        Hydro caps — bids: 221.9 MWh, offers: 25.2 MWh
2026-03-10 19:53:17,910  INFO      [253/366]  2024-09-09  OK  (312 actions, 31294 MWh, 0:00:01.021912)
2026-03-10 19:53:18,222  INFO        Hydro caps — bids: 353.3 MWh, offers: 185.2 MWh
2026-03-10 19:53:21,615  INFO      [254/366]  2024-09-10  OK  (2281 actions, 235639 MWh, 0:00:03.703639)
2026-03-10 19:53:21,931  INFO        Hydro caps — bids: 599.9 MWh, offers: 34.8 MWh
2026-03-10 19:53:23,581  INFO      [255/366]  2024-09-11  OK  (1041 actions, 108995 MWh, 0:00:01.966107)
2026-03-10 19:53:23,879  INFO        Hydro caps — bids: 981.6 MWh, offers: 0.0 MWh
2026-03-10 19:53:24,811  INFO      [256/366]  2024-09-12  OK  (488 actions, 72142 MWh, 0:00:01.229158)
2026-03-10 19:53:25,120  INFO        Hydro caps — bids: 314.4 MWh, offers: 18.0 MWh
2026-03-10 19:53:25,488  INFO      [257/366]  2024-09-13  OK  (128 actions, 16126 MWh, 0:00:00.676304)
2026-03-10 19:53:25,792  INFO        Hydro caps — bids: 711.5 MWh, offers: 0.0 MWh
2026-03-10 19:53:28,159  INFO      [258/366]  2024-09-14  OK  (1660 actions, 240738 MWh, 0:00:02.670956)
2026-03-10 19:53:28,457  INFO        Hydro caps — bids: 884.0 MWh, offers: 1.9 MWh
2026-03-10 19:53:29,467  INFO      [259/366]  2024-09-15  OK  (567 actions, 57834 MWh, 0:00:01.306902)
2026-03-10 19:53:29,771  INFO        Hydro caps — bids: 154.1 MWh, offers: 41.3 MWh
2026-03-10 19:53:30,155  INFO      [260/366]  2024-09-16  OK  (125 actions, 7859 MWh, 0:00:00.688481)
2026-03-10 19:53:30,452  INFO        Hydro caps — bids: 252.3 MWh, offers: 25.9 MWh
2026-03-10 19:53:30,797  INFO      [261/366]  2024-09-17  OK  (109 actions, 8509 MWh, 0:00:00.641896)
2026-03-10 19:53:31,138  INFO        Hydro caps — bids: 8.7 MWh, offers: 264.4 MWh
2026-03-10 19:53:31,513  INFO      [262/366]  2024-09-18  OK  (96 actions, 6100 MWh, 0:00:00.715367)
2026-03-10 19:53:31,875  INFO        Hydro caps — bids: 22.7 MWh, offers: 207.0 MWh
2026-03-10 19:53:32,271  INFO      [263/366]  2024-09-19  OK  (140 actions, 8726 MWh, 0:00:00.756017)
2026-03-10 19:53:32,679  INFO        Hydro caps — bids: 45.7 MWh, offers: 0.1 MWh
2026-03-10 19:53:32,925  INFO      [264/366]  2024-09-20  OK  (52 actions, 1553 MWh, 0:00:00.653997)
2026-03-10 19:53:33,227  INFO        Hydro caps — bids: 11.0 MWh, offers: 71.5 MWh
2026-03-10 19:53:33,366  INFO      [265/366]  2024-09-21  OK  (8 actions, 68 MWh, 0:00:00.440731)
2026-03-10 19:53:33,658  INFO        Hydro caps — bids: 13.9 MWh, offers: 0.0 MWh
2026-03-10 19:53:33,791  INFO      [266/366]  2024-09-22  OK  (4 actions, 57 MWh, 0:00:00.424655)
2026-03-10 19:53:34,093  INFO        Hydro caps — bids: 49.6 MWh, offers: 0.0 MWh
2026-03-10 19:53:34,271  INFO      [267/366]  2024-09-23  OK  (21 actions, 401 MWh, 0:00:00.478515)
2026-03-10 19:53:34,273  WARNING   [268/366]  2024-09-24  SKIP — missing inputs: ['IV_dispatch_changes_by_zone_and_SP_flex.csv']
2026-03-10 19:53:34,275  WARNING   [269/366]  2024-09-25  SKIP — missing inputs: ['IV_dispatch_changes_by_zone_and_SP_flex.csv']
2026-03-10 19:53:34,277  WARNING   [270/366]  2024-09-26  SKIP — missing inputs: ['IV_dispatch_changes_by_zone_and_SP_flex.csv']
2026-03-10 19:53:34,599  INFO        Hydro caps — bids: 239.5 MWh, offers: 47.7 MWh
2026-03-10 19:53:35,935  INFO      [271/366]  2024-09-27  OK  (767 actions, 106819 MWh, 0:00:01.657904)
2026-03-10 19:53:36,253  INFO        Hydro caps — bids: 11.1 MWh, offers: 50.1 MWh
2026-03-10 19:53:36,995  INFO      [272/366]  2024-09-28  OK  (391 actions, 23424 MWh, 0:00:01.059350)
2026-03-10 19:53:37,304  INFO        Hydro caps — bids: 102.5 MWh, offers: 41.9 MWh
2026-03-10 19:53:37,819  INFO      [273/366]  2024-09-29  OK  (235 actions, 19888 MWh, 0:00:00.823034)
2026-03-10 19:53:38,133  INFO        Hydro caps — bids: 24.9 MWh, offers: 0.0 MWh
2026-03-10 19:53:38,671  INFO      [274/366]  2024-09-30  OK  (230 actions, 17453 MWh, 0:00:00.849866)
2026-03-10 19:53:38,964  INFO        Hydro caps — bids: 0.0 MWh, offers: 0.0 MWh
2026-03-10 19:53:39,308  INFO      [275/366]  2024-10-01  OK  (102 actions, 13805 MWh, 0:00:00.635940)
2026-03-10 19:53:39,604  INFO        Hydro caps — bids: 0.0 MWh, offers: 39.3 MWh
2026-03-10 19:53:39,915  INFO      [276/366]  2024-10-02  OK  (90 actions, 2602 MWh, 0:00:00.607038)
2026-03-10 19:53:40,215  INFO        Hydro caps — bids: 24.3 MWh, offers: 0.0 MWh
2026-03-10 19:53:40,520  INFO      [277/366]  2024-10-03  OK  (83 actions, 13611 MWh, 0:00:00.604511)
2026-03-10 19:53:40,821  INFO        Hydro caps — bids: 68.8 MWh, offers: 153.3 MWh
2026-03-10 19:53:41,731  INFO      [278/366]  2024-10-04  OK  (472 actions, 76140 MWh, 0:00:01.210175)
2026-03-10 19:53:42,036  INFO        Hydro caps — bids: 238.1 MWh, offers: 0.0 MWh
2026-03-10 19:53:42,795  INFO      [279/366]  2024-10-05  OK  (375 actions, 51923 MWh, 0:00:01.063602)
2026-03-10 19:53:43,101  INFO        Hydro caps — bids: 284.7 MWh, offers: 30.6 MWh
2026-03-10 19:53:44,144  INFO      [280/366]  2024-10-06  OK  (556 actions, 48532 MWh, 0:00:01.348059)
2026-03-10 19:53:44,444  INFO        Hydro caps — bids: 377.1 MWh, offers: 0.0 MWh
2026-03-10 19:53:45,166  INFO      [281/366]  2024-10-07  OK  (368 actions, 35926 MWh, 0:00:01.021695)
2026-03-10 19:53:45,459  INFO        Hydro caps — bids: 405.4 MWh, offers: 70.1 MWh
2026-03-10 19:53:45,889  INFO      [282/366]  2024-10-08  OK  (164 actions, 33853 MWh, 0:00:00.722644)
2026-03-10 19:53:46,202  INFO        Hydro caps — bids: 357.0 MWh, offers: 709.0 MWh
2026-03-10 19:53:47,669  INFO      [283/366]  2024-10-09  OK  (716 actions, 157740 MWh, 0:00:01.779720)
2026-03-10 19:53:48,061  INFO        Hydro caps — bids: 46.9 MWh, offers: 222.0 MWh
2026-03-10 19:53:48,632  INFO      [284/366]  2024-10-10  OK  (236 actions, 43705 MWh, 0:00:00.962747)
2026-03-10 19:53:48,935  INFO        Hydro caps — bids: 56.3 MWh, offers: 182.4 MWh
2026-03-10 19:53:49,749  INFO      [285/366]  2024-10-11  OK  (407 actions, 72017 MWh, 0:00:01.115959)
2026-03-10 19:53:50,065  INFO        Hydro caps — bids: 172.8 MWh, offers: 272.7 MWh
2026-03-10 19:53:51,444  INFO      [286/366]  2024-10-12  OK  (823 actions, 98963 MWh, 0:00:01.694462)
2026-03-10 19:53:51,750  INFO        Hydro caps — bids: 81.6 MWh, offers: 111.5 MWh
2026-03-10 19:53:52,940  INFO      [287/366]  2024-10-13  OK  (731 actions, 46567 MWh, 0:00:01.495008)
2026-03-10 19:53:53,243  INFO        Hydro caps — bids: 524.3 MWh, offers: 0.0 MWh
2026-03-10 19:53:53,513  INFO      [288/366]  2024-10-14  OK  (64 actions, 10949 MWh, 0:00:00.571596)
2026-03-10 19:53:53,821  INFO        Hydro caps — bids: 828.0 MWh, offers: 99.6 MWh
2026-03-10 19:53:54,470  INFO      [289/366]  2024-10-15  OK  (273 actions, 64036 MWh, 0:00:00.956054)
2026-03-10 19:53:54,770  INFO        Hydro caps — bids: 711.4 MWh, offers: 280.7 MWh
2026-03-10 19:53:56,135  INFO      [290/366]  2024-10-16  OK  (809 actions, 101066 MWh, 0:00:01.664092)
2026-03-10 19:53:56,429  INFO        Hydro caps — bids: 448.2 MWh, offers: 115.6 MWh
2026-03-10 19:53:56,719  INFO      [291/366]  2024-10-17  OK  (70 actions, 8935 MWh, 0:00:00.584301)
2026-03-10 19:53:57,027  INFO        Hydro caps — bids: 668.0 MWh, offers: 0.0 MWh
2026-03-10 19:53:57,820  INFO      [292/366]  2024-10-18  OK  (357 actions, 98186 MWh, 0:00:01.099696)
2026-03-10 19:53:58,124  INFO        Hydro caps — bids: 699.7 MWh, offers: 7.7 MWh
2026-03-10 19:53:59,010  INFO      [293/366]  2024-10-19  OK  (451 actions, 47448 MWh, 0:00:01.190078)
2026-03-10 19:53:59,319  INFO        Hydro caps — bids: 1091.1 MWh, offers: 10.1 MWh
2026-03-10 19:54:02,440  INFO      [294/366]  2024-10-20  OK  (2154 actions, 204752 MWh, 0:00:03.428348)
2026-03-10 19:54:02,754  INFO        Hydro caps — bids: 1374.1 MWh, offers: 15.6 MWh
2026-03-10 19:54:04,330  INFO      [295/366]  2024-10-21  OK  (976 actions, 142058 MWh, 0:00:01.888915)
2026-03-10 19:54:04,727  INFO        Hydro caps — bids: 415.6 MWh, offers: 4.5 MWh
2026-03-10 19:54:05,947  INFO      [296/366]  2024-10-22  OK  (626 actions, 111213 MWh, 0:00:01.617065)
2026-03-10 19:54:06,271  INFO        Hydro caps — bids: 927.4 MWh, offers: 0.6 MWh
2026-03-10 19:54:07,427  INFO      [297/366]  2024-10-23  OK  (612 actions, 121160 MWh, 0:00:01.480382)
2026-03-10 19:54:07,738  INFO        Hydro caps — bids: 1360.7 MWh, offers: 0.6 MWh
2026-03-10 19:54:09,548  INFO      [298/366]  2024-10-24  OK  (1105 actions, 150708 MWh, 0:00:02.120078)
2026-03-10 19:54:09,852  INFO        Hydro caps — bids: 349.7 MWh, offers: 0.0 MWh
2026-03-10 19:54:10,426  INFO      [299/366]  2024-10-25  OK  (275 actions, 21676 MWh, 0:00:00.877367)
2026-03-10 19:54:10,731  INFO        Hydro caps — bids: 1408.6 MWh, offers: 4.1 MWh
2026-03-10 19:54:11,735  INFO      [300/366]  2024-10-26  OK  (536 actions, 84484 MWh, 0:00:01.307914)
2026-03-10 19:54:12,044  INFO        Hydro caps — bids: 1060.3 MWh, offers: 0.0 MWh
2026-03-10 19:54:13,213  INFO      [301/366]  2024-10-27  OK  (656 actions, 79768 MWh, 0:00:01.476973)
2026-03-10 19:54:13,513  INFO        Hydro caps — bids: 37.6 MWh, offers: 0.0 MWh
2026-03-10 19:54:14,316  INFO      [302/366]  2024-10-28  OK  (445 actions, 25170 MWh, 0:00:01.103192)
2026-03-10 19:54:14,626  INFO        Hydro caps — bids: 1383.3 MWh, offers: 73.4 MWh
2026-03-10 19:54:15,527  INFO      [303/366]  2024-10-29  OK  (491 actions, 60435 MWh, 0:00:01.209913)
2026-03-10 19:54:15,839  INFO        Hydro caps — bids: 729.3 MWh, offers: 569.6 MWh
2026-03-10 19:54:17,108  INFO      [304/366]  2024-10-30  OK  (767 actions, 83034 MWh, 0:00:01.580157)
2026-03-10 19:54:17,414  INFO        Hydro caps — bids: 710.6 MWh, offers: 68.6 MWh
2026-03-10 19:54:18,516  INFO      [305/366]  2024-10-31  OK  (603 actions, 105874 MWh, 0:00:01.407818)
2026-03-10 19:54:18,823  INFO        Hydro caps — bids: 253.7 MWh, offers: 74.2 MWh
2026-03-10 19:54:19,788  INFO      [306/366]  2024-11-01  OK  (518 actions, 64038 MWh, 0:00:01.272090)
2026-03-10 19:54:20,193  INFO        Hydro caps — bids: 715.4 MWh, offers: 0.0 MWh
2026-03-10 19:54:20,793  INFO      [307/366]  2024-11-02  OK  (265 actions, 45221 MWh, 0:00:01.004396)
2026-03-10 19:54:21,096  INFO        Hydro caps — bids: 90.4 MWh, offers: 0.0 MWh
2026-03-10 19:54:21,808  INFO      [308/366]  2024-11-03  OK  (358 actions, 32386 MWh, 0:00:01.014715)
2026-03-10 19:54:22,112  INFO        Hydro caps — bids: 21.3 MWh, offers: 41.3 MWh
2026-03-10 19:54:22,273  INFO      [309/366]  2024-11-04  OK  (15 actions, 100 MWh, 0:00:00.465215)
2026-03-10 19:54:22,570  INFO        Hydro caps — bids: 31.1 MWh, offers: 0.0 MWh
2026-03-10 19:54:22,719  INFO      [310/366]  2024-11-05  OK  (13 actions, 112 MWh, 0:00:00.446056)
2026-03-10 19:54:23,021  INFO        Hydro caps — bids: 408.8 MWh, offers: 23.4 MWh
2026-03-10 19:54:23,421  INFO      [311/366]  2024-11-06  OK  (144 actions, 15311 MWh, 0:00:00.700549)
2026-03-10 19:54:23,725  INFO        Hydro caps — bids: 469.5 MWh, offers: 180.1 MWh
2026-03-10 19:54:24,315  INFO      [312/366]  2024-11-07  OK  (254 actions, 56413 MWh, 0:00:00.892763)
2026-03-10 19:54:24,618  INFO        Hydro caps — bids: 706.2 MWh, offers: 0.9 MWh
2026-03-10 19:54:25,519  INFO      [313/366]  2024-11-08  OK  (524 actions, 57766 MWh, 0:00:01.204082)
2026-03-10 19:54:25,817  INFO        Hydro caps — bids: 277.5 MWh, offers: 40.6 MWh
2026-03-10 19:54:26,902  INFO      [314/366]  2024-11-09  OK  (663 actions, 59000 MWh, 0:00:01.383205)
2026-03-10 19:54:27,202  INFO        Hydro caps — bids: 70.0 MWh, offers: 0.0 MWh
2026-03-10 19:54:27,896  INFO      [315/366]  2024-11-10  OK  (350 actions, 61039 MWh, 0:00:00.994463)
2026-03-10 19:54:28,196  INFO        Hydro caps — bids: 0.0 MWh, offers: 0.0 MWh
2026-03-10 19:54:28,516  INFO      [316/366]  2024-11-11  OK  (104 actions, 15066 MWh, 0:00:00.618060)
2026-03-10 19:54:28,828  INFO        Hydro caps — bids: 279.4 MWh, offers: 232.9 MWh
2026-03-10 19:54:29,178  INFO      [317/366]  2024-11-12  OK  (120 actions, 16791 MWh, 0:00:00.661407)
2026-03-10 19:54:29,486  INFO        Hydro caps — bids: 722.6 MWh, offers: 63.8 MWh
2026-03-10 19:54:30,056  INFO      [318/366]  2024-11-13  OK  (254 actions, 42347 MWh, 0:00:00.877676)
2026-03-10 19:54:30,358  INFO        Hydro caps — bids: 989.3 MWh, offers: 0.0 MWh
2026-03-10 19:54:31,087  INFO      [319/366]  2024-11-14  OK  (359 actions, 52127 MWh, 0:00:01.029758)
2026-03-10 19:54:31,386  INFO        Hydro caps — bids: 827.0 MWh, offers: 66.7 MWh
2026-03-10 19:54:32,563  INFO      [320/366]  2024-11-15  OK  (519 actions, 103739 MWh, 0:00:01.476703)
2026-03-10 19:54:32,890  INFO        Hydro caps — bids: 1103.5 MWh, offers: 113.4 MWh
2026-03-10 19:54:34,694  INFO      [321/366]  2024-11-16  OK  (1121 actions, 161037 MWh, 0:00:02.130207)
2026-03-10 19:54:34,991  INFO        Hydro caps — bids: 701.2 MWh, offers: 83.8 MWh
2026-03-10 19:54:36,288  INFO      [322/366]  2024-11-17  OK  (753 actions, 87407 MWh, 0:00:01.594382)
2026-03-10 19:54:36,594  INFO        Hydro caps — bids: 535.0 MWh, offers: 194.5 MWh
2026-03-10 19:54:37,770  INFO      [323/366]  2024-11-18  OK  (685 actions, 100908 MWh, 0:00:01.481706)
2026-03-10 19:54:38,082  INFO        Hydro caps — bids: 214.1 MWh, offers: 0.0 MWh
2026-03-10 19:54:38,948  INFO      [324/366]  2024-11-19  OK  (427 actions, 67932 MWh, 0:00:01.178660)
2026-03-10 19:54:39,260  INFO        Hydro caps — bids: 121.0 MWh, offers: 117.5 MWh
2026-03-10 19:54:40,010  INFO      [325/366]  2024-11-20  OK  (350 actions, 57614 MWh, 0:00:01.062019)
2026-03-10 19:54:40,317  INFO        Hydro caps — bids: 90.3 MWh, offers: 0.0 MWh
2026-03-10 19:54:41,090  INFO      [326/366]  2024-11-21  OK  (375 actions, 66368 MWh, 0:00:01.078191)
2026-03-10 19:54:41,391  INFO        Hydro caps — bids: 43.4 MWh, offers: 70.7 MWh
2026-03-10 19:54:42,013  INFO      [327/366]  2024-11-22  OK  (306 actions, 34003 MWh, 0:00:00.923967)
2026-03-10 19:54:42,314  INFO        Hydro caps — bids: 736.9 MWh, offers: 0.0 MWh
2026-03-10 19:54:43,691  INFO      [328/366]  2024-11-23  OK  (838 actions, 112427 MWh, 0:00:01.676487)
2026-03-10 19:54:43,996  INFO        Hydro caps — bids: 471.3 MWh, offers: 152.2 MWh
2026-03-10 19:54:46,542  INFO      [329/366]  2024-11-24  OK  (1742 actions, 204117 MWh, 0:00:02.850821)
2026-03-10 19:54:46,845  INFO        Hydro caps — bids: 1290.4 MWh, offers: 191.8 MWh
2026-03-10 19:54:49,152  INFO      [330/366]  2024-11-25  OK  (1536 actions, 211632 MWh, 0:00:02.609748)
2026-03-10 19:54:49,451  INFO        Hydro caps — bids: 495.0 MWh, offers: 0.1 MWh
2026-03-10 19:54:50,989  INFO      [331/366]  2024-11-26  OK  (896 actions, 108196 MWh, 0:00:01.835820)
2026-03-10 19:54:51,314  INFO        Hydro caps — bids: 0.0 MWh, offers: 256.3 MWh
2026-03-10 19:54:51,447  INFO      [332/366]  2024-11-27  OK  (0 actions, 0 MWh, 0:00:00.457306)
2026-03-10 19:54:51,753  INFO        Hydro caps — bids: 622.1 MWh, offers: 44.1 MWh
2026-03-10 19:54:52,290  INFO      [333/366]  2024-11-28  OK  (284 actions, 37482 MWh, 0:00:00.843304)
2026-03-10 19:54:52,596  INFO        Hydro caps — bids: 1498.5 MWh, offers: 8.7 MWh
2026-03-10 19:54:53,824  INFO      [334/366]  2024-11-29  OK  (699 actions, 93589 MWh, 0:00:01.533185)
2026-03-10 19:54:54,152  INFO        Hydro caps — bids: 1560.2 MWh, offers: 27.8 MWh
2026-03-10 19:54:55,746  INFO      [335/366]  2024-11-30  OK  (1000 actions, 123619 MWh, 0:00:01.922013)
2026-03-10 19:54:56,055  INFO        Hydro caps — bids: 1112.1 MWh, offers: 130.5 MWh
2026-03-10 19:54:57,453  INFO      [336/366]  2024-12-01  OK  (848 actions, 97950 MWh, 0:00:01.705825)
2026-03-10 19:54:57,759  INFO        Hydro caps — bids: 1104.4 MWh, offers: 100.2 MWh
2026-03-10 19:54:58,769  INFO      [337/366]  2024-12-02  OK  (555 actions, 83675 MWh, 0:00:01.315073)
2026-03-10 19:54:59,078  INFO        Hydro caps — bids: 787.7 MWh, offers: 73.8 MWh
2026-03-10 19:55:00,575  INFO      [338/366]  2024-12-03  OK  (972 actions, 98839 MWh, 0:00:01.804334)
2026-03-10 19:55:00,897  INFO        Hydro caps — bids: 1008.6 MWh, offers: 165.0 MWh
2026-03-10 19:55:01,448  INFO      [339/366]  2024-12-04  OK  (266 actions, 47154 MWh, 0:00:00.872973)
2026-03-10 19:55:01,756  INFO        Hydro caps — bids: 1142.2 MWh, offers: 0.0 MWh
2026-03-10 19:55:02,793  INFO      [340/366]  2024-12-05  OK  (572 actions, 64464 MWh, 0:00:01.344616)
2026-03-10 19:55:03,115  INFO        Hydro caps — bids: 492.1 MWh, offers: 48.6 MWh
2026-03-10 19:55:04,420  INFO      [341/366]  2024-12-06  OK  (821 actions, 87096 MWh, 0:00:01.627684)
2026-03-10 19:55:04,737  INFO        Hydro caps — bids: 1368.1 MWh, offers: 0.0 MWh
2026-03-10 19:55:06,926  INFO      [342/366]  2024-12-07  OK  (1418 actions, 182323 MWh, 0:00:02.504815)
2026-03-10 19:55:07,238  INFO        Hydro caps — bids: 886.5 MWh, offers: 0.0 MWh
2026-03-10 19:55:08,896  INFO      [343/366]  2024-12-08  OK  (1031 actions, 127940 MWh, 0:00:01.969444)
2026-03-10 19:55:09,213  INFO        Hydro caps — bids: 48.8 MWh, offers: 2.9 MWh
2026-03-10 19:55:10,080  INFO      [344/366]  2024-12-09  OK  (491 actions, 66856 MWh, 0:00:01.183626)
2026-03-10 19:55:10,387  INFO        Hydro caps — bids: 3.2 MWh, offers: 0.0 MWh
2026-03-10 19:55:10,924  INFO      [345/366]  2024-12-10  OK  (219 actions, 23329 MWh, 0:00:00.843603)
2026-03-10 19:55:11,238  INFO        Hydro caps — bids: 0.0 MWh, offers: 105.4 MWh
2026-03-10 19:55:11,357  INFO      [346/366]  2024-12-11  OK  (0 actions, 0 MWh, 0:00:00.433039)
2026-03-10 19:55:11,673  INFO        Hydro caps — bids: 83.0 MWh, offers: 8.3 MWh
2026-03-10 19:55:11,863  INFO      [347/366]  2024-12-12  OK  (31 actions, 439 MWh, 0:00:00.505433)
2026-03-10 19:55:12,227  INFO        Hydro caps — bids: 299.2 MWh, offers: 73.6 MWh
2026-03-10 19:55:12,363  INFO      [348/366]  2024-12-13  OK  (2 actions, 13 MWh, 0:00:00.500149)
2026-03-10 19:55:12,686  INFO        Hydro caps — bids: 313.9 MWh, offers: 0.0 MWh
2026-03-10 19:55:13,545  INFO      [349/366]  2024-12-14  OK  (294 actions, 21598 MWh, 0:00:01.181074)
2026-03-10 19:55:13,908  INFO        Hydro caps — bids: 548.5 MWh, offers: 0.6 MWh
2026-03-10 19:55:16,616  INFO      [350/366]  2024-12-15  OK  (1885 actions, 152521 MWh, 0:00:03.071426)
2026-03-10 19:55:16,944  INFO        Hydro caps — bids: 803.3 MWh, offers: 0.0 MWh
2026-03-10 19:55:18,325  INFO      [351/366]  2024-12-16  OK  (791 actions, 104969 MWh, 0:00:01.708768)
2026-03-10 19:55:18,642  INFO        Hydro caps — bids: 666.1 MWh, offers: 363.4 MWh
2026-03-10 19:55:19,422  INFO      [352/366]  2024-12-17  OK  (430 actions, 68054 MWh, 0:00:01.097469)
2026-03-10 19:55:19,745  INFO        Hydro caps — bids: 599.6 MWh, offers: 4.7 MWh
2026-03-10 19:55:21,797  INFO      [353/366]  2024-12-18  OK  (1248 actions, 158748 MWh, 0:00:02.374514)
2026-03-10 19:55:22,201  INFO        Hydro caps — bids: 625.7 MWh, offers: 0.0 MWh
2026-03-10 19:55:23,257  INFO      [354/366]  2024-12-19  OK  (582 actions, 89405 MWh, 0:00:01.459716)
2026-03-10 19:55:23,579  INFO        Hydro caps — bids: 1776.2 MWh, offers: 0.0 MWh
2026-03-10 19:55:24,866  INFO      [355/366]  2024-12-20  OK  (754 actions, 108691 MWh, 0:00:01.607979)
2026-03-10 19:55:25,205  INFO        Hydro caps — bids: 132.9 MWh, offers: 4.9 MWh
2026-03-10 19:55:28,313  INFO      [356/366]  2024-12-21  OK  (2000 actions, 183683 MWh, 0:00:03.444692)
2026-03-10 19:55:28,629  INFO        Hydro caps — bids: 744.3 MWh, offers: 97.0 MWh
2026-03-10 19:55:31,272  INFO      [357/366]  2024-12-22  OK  (1673 actions, 173127 MWh, 0:00:02.959498)
2026-03-10 19:55:31,604  INFO        Hydro caps — bids: 749.8 MWh, offers: 0.0 MWh
2026-03-10 19:55:32,456  INFO      [358/366]  2024-12-23  OK  (410 actions, 42405 MWh, 0:00:01.183326)
2026-03-10 19:55:32,808  INFO        Hydro caps — bids: 2067.3 MWh, offers: 7.9 MWh
2026-03-10 19:55:34,147  INFO      [359/366]  2024-12-24  OK  (785 actions, 108992 MWh, 0:00:01.690008)
2026-03-10 19:55:34,476  INFO        Hydro caps — bids: 1810.3 MWh, offers: 42.0 MWh
2026-03-10 19:55:35,951  INFO      [360/366]  2024-12-25  OK  (889 actions, 124732 MWh, 0:00:01.804465)
2026-03-10 19:55:36,266  INFO        Hydro caps — bids: 381.1 MWh, offers: 0.0 MWh
2026-03-10 19:55:36,880  INFO      [361/366]  2024-12-26  OK  (302 actions, 17062 MWh, 0:00:00.926799)
2026-03-10 19:55:37,204  INFO        Hydro caps — bids: 0.0 MWh, offers: 0.0 MWh
2026-03-10 19:55:37,328  INFO      [362/366]  2024-12-27  OK  (0 actions, 0 MWh, 0:00:00.447510)
2026-03-10 19:55:37,641  INFO        Hydro caps — bids: 398.4 MWh, offers: 3.8 MWh
2026-03-10 19:55:38,296  INFO      [363/366]  2024-12-28  OK  (327 actions, 53478 MWh, 0:00:00.968182)
2026-03-10 19:55:38,626  INFO        Hydro caps — bids: 505.9 MWh, offers: 0.9 MWh
2026-03-10 19:55:41,320  INFO      [364/366]  2024-12-29  OK  (1802 actions, 243308 MWh, 0:00:03.022810)
2026-03-10 19:55:41,644  INFO        Hydro caps — bids: 1013.9 MWh, offers: 0.0 MWh
2026-03-10 19:55:43,090  INFO      [365/366]  2024-12-30  OK  (853 actions, 85352 MWh, 0:00:01.769619)
2026-03-10 19:55:43,419  INFO        Hydro caps — bids: 1637.5 MWh, offers: 0.0 MWh
2026-03-10 19:55:46,385  INFO      [366/366]  2024-12-31  OK  (2087 actions, 206732 MWh, 0:00:03.293011)
2026-03-10 19:55:46,385  INFO      ======================================================================
2026-03-10 19:55:46,385  INFO      Finished.  Successes: 363  |  Failures: 0  |  Skipped: 3
2026-03-10 19:55:46,385  INFO      Skipped days (missing inputs): ['2024-09-24', '2024-09-25', '2024-09-26']
2026-03-10 19:55:46,386  INFO      ======================================================================
2026-03-13 10:01:30,011  INFO      Loading BMU classification...
2026-03-13 10:01:30,043  INFO      Loaded 1056 BMUs
2026-03-13 10:01:30,043  INFO      Building unit lookup tables...
2026-03-13 10:01:30,122  INFO      Classified 1056 units
2026-03-13 10:01:30,140  INFO      ======================================================================
2026-03-13 10:01:30,140  INFO      Rerunning IV clearing ONLY: 2024-01-01 → 2024-12-31  (366 days)
2026-03-13 10:01:30,140  INFO      Excluded BMUs: ['DRAXX-5', 'DRAXX-6']
2026-03-13 10:01:30,140  INFO      ======================================================================
2026-03-13 10:01:30,859  INFO      [1/366]  2024-01-01  OK  (163 actions, 9326 MWh, 0:00:00.718956)
2026-03-13 10:01:31,752  INFO      [2/366]  2024-01-02  OK  (331 actions, 18388 MWh, 0:00:00.892517)
2026-03-13 10:01:32,195  INFO      [3/366]  2024-01-03  OK  (27 actions, 743 MWh, 0:00:00.441483)
2026-03-13 10:01:32,882  INFO      [4/366]  2024-01-04  OK  (143 actions, 16571 MWh, 0:00:00.686511)
2026-03-13 10:01:33,267  INFO      [5/366]  2024-01-05  OK  (0 actions, 0 MWh, 0:00:00.385915)
2026-03-13 10:01:33,833  INFO      [6/366]  2024-01-06  OK  (110 actions, 5365 MWh, 0:00:00.565119)
2026-03-13 10:01:34,683  INFO      [7/366]  2024-01-07  OK  (297 actions, 24490 MWh, 0:00:00.850118)
2026-03-13 10:01:35,080  INFO      [8/366]  2024-01-08  OK  (8 actions, 157 MWh, 0:00:00.397763)
2026-03-13 10:01:35,551  INFO      [9/366]  2024-01-09  OK  (51 actions, 4595 MWh, 0:00:00.470292)
2026-03-13 10:01:36,224  INFO      [10/366]  2024-01-10  OK  (124 actions, 6262 MWh, 0:00:00.673223)
2026-03-13 10:01:36,723  INFO      [11/366]  2024-01-11  OK  (66 actions, 1013 MWh, 0:00:00.498971)
2026-03-13 10:01:37,456  INFO      [12/366]  2024-01-12  OK  (210 actions, 10813 MWh, 0:00:00.732995)
2026-03-13 10:01:38,809  INFO      [13/366]  2024-01-13  OK  (683 actions, 59563 MWh, 0:00:01.353501)
2026-03-13 10:01:39,359  INFO      [14/366]  2024-01-14  OK  (93 actions, 8213 MWh, 0:00:00.537658)
2026-03-13 10:01:40,050  INFO      [15/366]  2024-01-15  OK  (173 actions, 15503 MWh, 0:00:00.691066)
2026-03-13 10:01:40,465  INFO      [16/366]  2024-01-16  OK  (19 actions, 1129 MWh, 0:00:00.415622)
2026-03-13 10:01:40,950  INFO      [17/366]  2024-01-17  OK  (57 actions, 3966 MWh, 0:00:00.485059)
2026-03-13 10:01:41,892  INFO      [18/366]  2024-01-18  OK  (357 actions, 41237 MWh, 0:00:00.941320)
2026-03-13 10:01:43,241  INFO      [19/366]  2024-01-19  OK  (677 actions, 75539 MWh, 0:00:01.349207)
2026-03-13 10:01:44,733  INFO      [20/366]  2024-01-20  OK  (790 actions, 102577 MWh, 0:00:01.492017)
2026-03-13 10:01:46,042  INFO      [21/366]  2024-01-21  OK  (664 actions, 81729 MWh, 0:00:01.308837)
2026-03-13 10:01:47,132  INFO      [22/366]  2024-01-22  OK  (462 actions, 84390 MWh, 0:00:01.090381)
2026-03-13 10:01:48,230  INFO      [23/366]  2024-01-23  OK  (419 actions, 77197 MWh, 0:00:01.097706)
2026-03-13 10:01:49,378  INFO      [24/366]  2024-01-24  OK  (497 actions, 68329 MWh, 0:00:01.145883)
2026-03-13 10:01:50,359  INFO      [25/366]  2024-01-25  OK  (415 actions, 50875 MWh, 0:00:00.981103)
2026-03-13 10:01:51,909  INFO      [26/366]  2024-01-26  OK  (840 actions, 115881 MWh, 0:00:01.549624)
2026-03-13 10:01:53,740  INFO      [27/366]  2024-01-27  OK  (1101 actions, 142131 MWh, 0:00:01.830780)
2026-03-13 10:01:55,810  INFO      [28/366]  2024-01-28  OK  (1279 actions, 127327 MWh, 0:00:02.068694)
2026-03-13 10:01:56,377  INFO      [29/366]  2024-01-29  OK  (84 actions, 1630 MWh, 0:00:00.567214)
2026-03-13 10:01:57,038  INFO      [30/366]  2024-01-30  OK  (178 actions, 22272 MWh, 0:00:00.660826)
2026-03-13 10:01:58,827  INFO      [31/366]  2024-01-31  OK  (1036 actions, 125099 MWh, 0:00:01.788899)
2026-03-13 10:01:59,598  INFO      [32/366]  2024-02-01  OK  (247 actions, 21513 MWh, 0:00:00.770288)
2026-03-13 10:02:01,649  INFO      [33/366]  2024-02-02  OK  (1278 actions, 127419 MWh, 0:00:02.050982)
2026-03-13 10:02:03,812  INFO      [34/366]  2024-02-03  OK  (1358 actions, 161994 MWh, 0:00:02.161782)
2026-03-13 10:02:05,569  INFO      [35/366]  2024-02-04  OK  (1038 actions, 105362 MWh, 0:00:01.756912)
2026-03-13 10:02:06,858  INFO      [36/366]  2024-02-05  OK  (524 actions, 52517 MWh, 0:00:01.278426)
2026-03-13 10:02:07,993  INFO      [37/366]  2024-02-06  OK  (537 actions, 72945 MWh, 0:00:01.134887)
2026-03-13 10:02:08,495  INFO      [38/366]  2024-02-07  OK  (81 actions, 10337 MWh, 0:00:00.501132)
2026-03-13 10:02:09,064  INFO      [39/366]  2024-02-08  OK  (127 actions, 12572 MWh, 0:00:00.569195)
2026-03-13 10:02:10,341  INFO      [40/366]  2024-02-09  OK  (623 actions, 94000 MWh, 0:00:01.277440)
2026-03-13 10:02:11,133  INFO      [41/366]  2024-02-10  OK  (254 actions, 27895 MWh, 0:00:00.791432)
2026-03-13 10:02:11,726  INFO      [42/366]  2024-02-11  OK  (107 actions, 6491 MWh, 0:00:00.593113)
2026-03-13 10:02:12,326  INFO      [43/366]  2024-02-12  OK  (129 actions, 17901 MWh, 0:00:00.600289)
2026-03-13 10:02:13,079  INFO      [44/366]  2024-02-13  OK  (223 actions, 29284 MWh, 0:00:00.753027)
2026-03-13 10:02:13,717  INFO      [45/366]  2024-02-14  OK  (162 actions, 9985 MWh, 0:00:00.637522)
2026-03-13 10:02:14,219  INFO      [46/366]  2024-02-15  OK  (64 actions, 3146 MWh, 0:00:00.500537)
2026-03-13 10:02:14,984  INFO      [47/366]  2024-02-16  OK  (230 actions, 24471 MWh, 0:00:00.764428)
2026-03-13 10:02:15,681  INFO      [48/366]  2024-02-17  OK  (195 actions, 17535 MWh, 0:00:00.697041)
2026-03-13 10:02:16,362  INFO      [49/366]  2024-02-18  OK  (168 actions, 12454 MWh, 0:00:00.680907)
2026-03-13 10:02:17,293  INFO      [50/366]  2024-02-19  OK  (337 actions, 31243 MWh, 0:00:00.930991)
2026-03-13 10:02:18,757  INFO      [51/366]  2024-02-20  OK  (662 actions, 89673 MWh, 0:00:01.464338)
2026-03-13 10:02:20,186  INFO      [52/366]  2024-02-21  OK  (683 actions, 72380 MWh, 0:00:01.428812)
2026-03-13 10:02:21,074  INFO      [53/366]  2024-02-22  OK  (267 actions, 30642 MWh, 0:00:00.883957)
2026-03-13 10:02:21,811  INFO      [54/366]  2024-02-23  OK  (154 actions, 8450 MWh, 0:00:00.736830)
2026-03-13 10:02:22,817  INFO      [55/366]  2024-02-24  OK  (258 actions, 29093 MWh, 0:00:01.004592)
2026-03-13 10:02:23,567  INFO      [56/366]  2024-02-25  OK  (184 actions, 20328 MWh, 0:00:00.749311)
2026-03-13 10:02:24,545  INFO      [57/366]  2024-02-26  OK  (306 actions, 55862 MWh, 0:00:00.978446)
2026-03-13 10:02:25,750  INFO      [58/366]  2024-02-27  OK  (526 actions, 95989 MWh, 0:00:01.204655)
2026-03-13 10:02:27,033  INFO      [59/366]  2024-02-28  OK  (558 actions, 107508 MWh, 0:00:01.283173)
2026-03-13 10:02:28,376  INFO      [60/366]  2024-02-29  OK  (624 actions, 104900 MWh, 0:00:01.343594)
2026-03-13 10:02:28,866  INFO      [61/366]  2024-03-01  OK  (50 actions, 3552 MWh, 0:00:00.489878)
2026-03-13 10:02:29,361  INFO      [62/366]  2024-03-02  OK  (51 actions, 4414 MWh, 0:00:00.494462)
2026-03-13 10:02:30,125  INFO      [63/366]  2024-03-03  OK  (204 actions, 28504 MWh, 0:00:00.763850)
2026-03-13 10:02:31,159  INFO      [64/366]  2024-03-04  OK  (384 actions, 53277 MWh, 0:00:01.034728)
2026-03-13 10:02:32,330  INFO      [65/366]  2024-03-05  OK  (419 actions, 76542 MWh, 0:00:01.170514)
2026-03-13 10:02:33,144  INFO      [66/366]  2024-03-06  OK  (117 actions, 13356 MWh, 0:00:00.814494)
2026-03-13 10:02:34,383  INFO      [67/366]  2024-03-07  OK  (531 actions, 58130 MWh, 0:00:01.238951)
2026-03-13 10:02:35,540  INFO      [68/366]  2024-03-08  OK  (460 actions, 59182 MWh, 0:00:01.157150)
2026-03-13 10:02:36,904  INFO      [69/366]  2024-03-09  OK  (640 actions, 57701 MWh, 0:00:01.361413)
2026-03-13 10:02:38,664  INFO      [70/366]  2024-03-10  OK  (928 actions, 104588 MWh, 0:00:01.759258)
2026-03-13 10:02:39,427  INFO      [71/366]  2024-03-11  OK  (233 actions, 12160 MWh, 0:00:00.763092)
2026-03-13 10:02:40,327  INFO      [72/366]  2024-03-12  OK  (301 actions, 24706 MWh, 0:00:00.899361)
2026-03-13 10:02:42,438  INFO      [73/366]  2024-03-13  OK  (982 actions, 131562 MWh, 0:00:02.111435)
2026-03-13 10:02:43,524  INFO      [74/366]  2024-03-14  OK  (447 actions, 33375 MWh, 0:00:01.086050)
2026-03-13 10:02:44,923  INFO      [75/366]  2024-03-15  OK  (634 actions, 44446 MWh, 0:00:01.398752)
2026-03-13 10:02:46,363  INFO      [76/366]  2024-03-16  OK  (685 actions, 58149 MWh, 0:00:01.439430)
2026-03-13 10:02:47,561  INFO      [77/366]  2024-03-17  OK  (528 actions, 28188 MWh, 0:00:01.198309)
2026-03-13 10:02:48,712  INFO      [78/366]  2024-03-18  OK  (547 actions, 67263 MWh, 0:00:01.150805)
2026-03-13 10:02:50,495  INFO      [79/366]  2024-03-19  OK  (980 actions, 91988 MWh, 0:00:01.783611)
2026-03-13 10:02:51,871  INFO      [80/366]  2024-03-20  OK  (633 actions, 42440 MWh, 0:00:01.375511)
2026-03-13 10:02:53,654  INFO      [81/366]  2024-03-21  OK  (957 actions, 149891 MWh, 0:00:01.782861)
2026-03-13 10:02:56,405  INFO      [82/366]  2024-03-22  OK  (1795 actions, 165819 MWh, 0:00:02.751125)
2026-03-13 10:02:58,960  INFO      [83/366]  2024-03-23  OK  (1553 actions, 116309 MWh, 0:00:02.555362)
2026-03-13 10:03:00,117  INFO      [84/366]  2024-03-24  OK  (483 actions, 33070 MWh, 0:00:01.157035)
2026-03-13 10:03:00,777  INFO      [85/366]  2024-03-25  OK  (122 actions, 10323 MWh, 0:00:00.659287)
2026-03-13 10:03:01,480  INFO      [86/366]  2024-03-26  OK  (182 actions, 18821 MWh, 0:00:00.703474)
2026-03-13 10:03:02,445  INFO      [87/366]  2024-03-27  OK  (373 actions, 32191 MWh, 0:00:00.965339)
2026-03-13 10:03:03,556  INFO      [88/366]  2024-03-28  OK  (369 actions, 39307 MWh, 0:00:01.110246)
2026-03-13 10:03:04,390  INFO      [89/366]  2024-03-29  OK  (260 actions, 11645 MWh, 0:00:00.834251)
2026-03-13 10:03:04,877  INFO      [90/366]  2024-03-30  OK  (68 actions, 3062 MWh, 0:00:00.486901)
2026-03-13 10:03:05,572  INFO      [91/366]  2024-03-31  OK  (171 actions, 9395 MWh, 0:00:00.695293)
2026-03-13 10:03:06,093  INFO      [92/366]  2024-04-01  OK  (64 actions, 5062 MWh, 0:00:00.520471)
2026-03-13 10:03:06,689  INFO      [93/366]  2024-04-02  OK  (109 actions, 9887 MWh, 0:00:00.596350)
2026-03-13 10:03:07,710  INFO      [94/366]  2024-04-03  OK  (345 actions, 40507 MWh, 0:00:01.020602)
2026-03-13 10:03:08,160  INFO      [95/366]  2024-04-04  OK  (28 actions, 1090 MWh, 0:00:00.449747)
2026-03-13 10:03:09,288  INFO      [96/366]  2024-04-05  OK  (472 actions, 23198 MWh, 0:00:01.128288)
2026-03-13 10:03:11,525  INFO      [97/366]  2024-04-06  OK  (1375 actions, 97302 MWh, 0:00:02.236629)
2026-03-13 10:03:13,747  INFO      [98/366]  2024-04-07  OK  (1368 actions, 101623 MWh, 0:00:02.222421)
2026-03-13 10:03:14,984  INFO      [99/366]  2024-04-08  OK  (556 actions, 60919 MWh, 0:00:01.232130)
2026-03-13 10:03:16,413  INFO      [100/366]  2024-04-09  OK  (746 actions, 53823 MWh, 0:00:01.428687)
2026-03-13 10:03:17,501  INFO      [101/366]  2024-04-10  OK  (474 actions, 42180 MWh, 0:00:01.088036)
2026-03-13 10:03:19,525  INFO      [102/366]  2024-04-11  OK  (1119 actions, 93566 MWh, 0:00:02.023242)
2026-03-13 10:03:21,741  INFO      [103/366]  2024-04-12  OK  (1347 actions, 105234 MWh, 0:00:02.216452)
2026-03-13 10:03:24,192  INFO      [104/366]  2024-04-13  OK  (1579 actions, 131989 MWh, 0:00:02.447932)
2026-03-13 10:03:26,419  INFO      [105/366]  2024-04-14  OK  (1359 actions, 118093 MWh, 0:00:02.227000)
2026-03-13 10:03:28,385  INFO      [106/366]  2024-04-15  OK  (1175 actions, 89065 MWh, 0:00:01.966546)
2026-03-13 10:03:29,847  INFO      [107/366]  2024-04-16  OK  (728 actions, 72586 MWh, 0:00:01.461990)
2026-03-13 10:03:30,666  INFO      [108/366]  2024-04-17  OK  (242 actions, 35009 MWh, 0:00:00.818568)
2026-03-13 10:03:31,703  INFO      [109/366]  2024-04-18  OK  (420 actions, 56089 MWh, 0:00:01.037630)
2026-03-13 10:03:33,838  INFO      [110/366]  2024-04-19  OK  (1072 actions, 87747 MWh, 0:00:02.135142)
2026-03-13 10:03:34,471  INFO      [111/366]  2024-04-20  OK  (128 actions, 5092 MWh, 0:00:00.632579)
2026-03-13 10:03:35,643  INFO      [112/366]  2024-04-21  OK  (526 actions, 24103 MWh, 0:00:01.171584)
2026-03-13 10:03:36,418  INFO      [113/366]  2024-04-22  OK  (225 actions, 25132 MWh, 0:00:00.774775)
2026-03-13 10:03:37,136  INFO      [114/366]  2024-04-23  OK  (124 actions, 13751 MWh, 0:00:00.718080)
2026-03-13 10:03:37,705  INFO      [115/366]  2024-04-24  OK  (80 actions, 6815 MWh, 0:00:00.567565)
2026-03-13 10:03:38,370  INFO      [116/366]  2024-04-25  OK  (142 actions, 12644 MWh, 0:00:00.665519)
2026-03-13 10:03:38,770  INFO      [117/366]  2024-04-26  OK  (2 actions, 50 MWh, 0:00:00.400181)
2026-03-13 10:03:39,193  INFO      [118/366]  2024-04-27  OK  (2 actions, 15 MWh, 0:00:00.422868)
2026-03-13 10:03:40,446  INFO      [119/366]  2024-04-28  OK  (551 actions, 45816 MWh, 0:00:01.253278)
2026-03-13 10:03:42,324  INFO      [120/366]  2024-04-29  OK  (986 actions, 108694 MWh, 0:00:01.877246)
2026-03-13 10:03:44,064  INFO      [121/366]  2024-04-30  OK  (966 actions, 91957 MWh, 0:00:01.739506)
2026-03-13 10:03:44,628  INFO      [122/366]  2024-05-01  OK  (77 actions, 4912 MWh, 0:00:00.564102)
2026-03-13 10:03:45,499  INFO      [123/366]  2024-05-02  OK  (290 actions, 27558 MWh, 0:00:00.870636)
2026-03-13 10:03:46,094  INFO      [124/366]  2024-05-03  OK  (53 actions, 3300 MWh, 0:00:00.595251)
2026-03-13 10:03:46,848  INFO      [125/366]  2024-05-04  OK  (67 actions, 3161 MWh, 0:00:00.752647)
2026-03-13 10:03:48,430  INFO      [126/366]  2024-05-05  OK  (328 actions, 17660 MWh, 0:00:01.580972)
2026-03-13 10:03:49,773  INFO      [127/366]  2024-05-06  OK  (13 actions, 211 MWh, 0:00:01.343009)
2026-03-13 10:03:51,613  INFO      [128/366]  2024-05-07  OK  (278 actions, 24417 MWh, 0:00:01.837825)
2026-03-13 10:03:52,312  INFO      [129/366]  2024-05-08  OK  (106 actions, 15973 MWh, 0:00:00.699207)
2026-03-13 10:03:53,045  INFO      [130/366]  2024-05-09  OK  (141 actions, 23785 MWh, 0:00:00.732103)
2026-03-13 10:03:53,493  INFO      [131/366]  2024-05-10  OK  (2 actions, 18 MWh, 0:00:00.447760)
2026-03-13 10:03:54,225  INFO      [132/366]  2024-05-11  OK  (137 actions, 17198 MWh, 0:00:00.730217)
2026-03-13 10:03:55,998  INFO      [133/366]  2024-05-12  OK  (628 actions, 48179 MWh, 0:00:01.772180)
2026-03-13 10:03:56,843  INFO      [134/366]  2024-05-13  OK  (104 actions, 15350 MWh, 0:00:00.845448)
2026-03-13 10:03:57,712  INFO      [135/366]  2024-05-14  OK  (89 actions, 8668 MWh, 0:00:00.868114)
2026-03-13 10:03:58,561  INFO      [136/366]  2024-05-15  OK  (6 actions, 147 MWh, 0:00:00.848888)
2026-03-13 10:03:59,115  INFO      [137/366]  2024-05-16  OK  (8 actions, 92 MWh, 0:00:00.552871)
2026-03-13 10:04:00,069  INFO      [138/366]  2024-05-17  OK  (10 actions, 90 MWh, 0:00:00.953708)
2026-03-13 10:04:01,450  INFO      [139/366]  2024-05-18  OK  (69 actions, 147 MWh, 0:00:01.381963)
2026-03-13 10:04:03,018  INFO      [140/366]  2024-05-19  OK  (174 actions, 11707 MWh, 0:00:01.566660)
2026-03-13 10:04:03,848  INFO      [141/366]  2024-05-20  OK  (0 actions, 0 MWh, 0:00:00.830165)
2026-03-13 10:04:04,438  INFO      [142/366]  2024-05-21  OK  (5 actions, 54 MWh, 0:00:00.588647)
2026-03-13 10:04:07,192  INFO      [143/366]  2024-05-22  OK  (810 actions, 60982 MWh, 0:00:02.752863)
2026-03-13 10:04:08,731  INFO      [144/366]  2024-05-23  OK  (496 actions, 28237 MWh, 0:00:01.539491)
2026-03-13 10:04:09,207  INFO      [145/366]  2024-05-24  OK  (0 actions, 0 MWh, 0:00:00.475661)
2026-03-13 10:04:10,092  INFO      [146/366]  2024-05-25  OK  (9 actions, 244 MWh, 0:00:00.883425)
2026-03-13 10:04:10,947  INFO      [147/366]  2024-05-26  OK  (58 actions, 4831 MWh, 0:00:00.855276)
2026-03-13 10:04:11,754  INFO      [148/366]  2024-05-27  OK  (21 actions, 662 MWh, 0:00:00.805324)
2026-03-13 10:04:12,927  INFO      [149/366]  2024-05-28  OK  (155 actions, 10683 MWh, 0:00:01.173261)
2026-03-13 10:04:14,112  INFO      [150/366]  2024-05-29  OK  (90 actions, 6400 MWh, 0:00:01.184969)
2026-03-13 10:04:16,318  INFO      [151/366]  2024-05-30  OK  (496 actions, 46169 MWh, 0:00:02.204685)
2026-03-13 10:04:17,326  INFO      [152/366]  2024-05-31  OK  (65 actions, 2898 MWh, 0:00:01.007665)
2026-03-13 10:04:18,058  INFO      [153/366]  2024-06-01  OK  (41 actions, 935 MWh, 0:00:00.732443)
2026-03-13 10:04:19,274  INFO      [154/366]  2024-06-02  OK  (280 actions, 27853 MWh, 0:00:01.215711)
2026-03-13 10:04:22,123  INFO      [155/366]  2024-06-03  OK  (439 actions, 65496 MWh, 0:00:02.849485)
2026-03-13 10:04:25,151  INFO      [156/366]  2024-06-04  OK  (737 actions, 129480 MWh, 0:00:03.027968)
2026-03-13 10:04:27,700  INFO      [157/366]  2024-06-05  OK  (552 actions, 63771 MWh, 0:00:02.548335)
2026-03-13 10:04:28,860  INFO      [158/366]  2024-06-06  OK  (114 actions, 15140 MWh, 0:00:01.158919)
2026-03-13 10:04:31,483  INFO      [159/366]  2024-06-07  OK  (711 actions, 67789 MWh, 0:00:02.623318)
2026-03-13 10:04:35,768  INFO      [160/366]  2024-06-08  OK  (1407 actions, 140644 MWh, 0:00:04.284697)
2026-03-13 10:04:38,738  INFO      [161/366]  2024-06-09  OK  (716 actions, 46103 MWh, 0:00:02.967569)
2026-03-13 10:04:41,404  INFO      [162/366]  2024-06-10  OK  (771 actions, 73067 MWh, 0:00:02.665744)
2026-03-13 10:04:43,282  INFO      [163/366]  2024-06-11  OK  (376 actions, 47382 MWh, 0:00:01.876453)
2026-03-13 10:04:45,751  INFO      [164/366]  2024-06-12  OK  (624 actions, 45464 MWh, 0:00:02.468703)
2026-03-13 10:04:46,914  INFO      [165/366]  2024-06-13  OK  (138 actions, 27508 MWh, 0:00:01.162553)
2026-03-13 10:04:48,405  INFO      [166/366]  2024-06-14  OK  (269 actions, 32792 MWh, 0:00:01.489696)
2026-03-13 10:04:50,738  INFO      [167/366]  2024-06-15  OK  (583 actions, 42208 MWh, 0:00:02.332766)
2026-03-13 10:04:52,445  INFO      [168/366]  2024-06-16  OK  (297 actions, 19750 MWh, 0:00:01.706949)
2026-03-13 10:04:53,235  INFO      [169/366]  2024-06-17  OK  (31 actions, 1331 MWh, 0:00:00.788712)
2026-03-13 10:04:54,082  INFO      [170/366]  2024-06-18  OK  (45 actions, 2522 MWh, 0:00:00.847294)
2026-03-13 10:04:55,396  INFO      [171/366]  2024-06-19  OK  (270 actions, 27831 MWh, 0:00:01.296274)
2026-03-13 10:04:56,553  INFO      [172/366]  2024-06-20  OK  (149 actions, 11214 MWh, 0:00:01.154055)
2026-03-13 10:04:57,646  INFO      [173/366]  2024-06-21  OK  (109 actions, 9463 MWh, 0:00:01.089289)
2026-03-13 10:04:58,746  INFO      [174/366]  2024-06-22  OK  (105 actions, 17349 MWh, 0:00:01.099340)
2026-03-13 10:04:59,901  INFO      [175/366]  2024-06-23  OK  (122 actions, 9947 MWh, 0:00:01.154610)
2026-03-13 10:05:00,994  INFO      [176/366]  2024-06-24  OK  (115 actions, 5135 MWh, 0:00:01.091995)
2026-03-13 10:05:01,705  INFO      [177/366]  2024-06-25  OK  (19 actions, 608 MWh, 0:00:00.710496)
2026-03-13 10:05:02,888  INFO      [178/366]  2024-06-26  OK  (118 actions, 18817 MWh, 0:00:01.182168)
2026-03-13 10:05:06,063  INFO      [179/366]  2024-06-27  OK  (1024 actions, 138119 MWh, 0:00:03.172073)
2026-03-13 10:05:10,412  INFO      [180/366]  2024-06-28  OK  (1493 actions, 169278 MWh, 0:00:04.349165)
2026-03-13 10:05:12,600  INFO      [181/366]  2024-06-29  OK  (507 actions, 65468 MWh, 0:00:02.186690)
2026-03-13 10:05:13,366  INFO      [182/366]  2024-06-30  OK  (35 actions, 1571 MWh, 0:00:00.765309)
2026-03-13 10:05:14,646  INFO      [183/366]  2024-07-01  OK  (186 actions, 21589 MWh, 0:00:01.277276)
2026-03-13 10:05:15,965  INFO      [184/366]  2024-07-02  OK  (174 actions, 9851 MWh, 0:00:01.318123)
2026-03-13 10:05:19,176  INFO      [185/366]  2024-07-03  OK  (998 actions, 75836 MWh, 0:00:03.209171)
2026-03-13 10:05:23,425  INFO      [186/366]  2024-07-04  OK  (1496 actions, 124448 MWh, 0:00:04.248449)
2026-03-13 10:05:26,928  INFO      [187/366]  2024-07-05  OK  (1078 actions, 88142 MWh, 0:00:03.481278)
2026-03-13 10:05:28,099  INFO      [188/366]  2024-07-06  OK  (181 actions, 6556 MWh, 0:00:01.170642)
2026-03-13 10:05:29,045  INFO      [189/366]  2024-07-07  OK  (52 actions, 2065 MWh, 0:00:00.945612)
2026-03-13 10:05:29,816  INFO      [190/366]  2024-07-08  OK  (13 actions, 492 MWh, 0:00:00.770276)
2026-03-13 10:05:30,817  INFO      [191/366]  2024-07-09  OK  (89 actions, 8392 MWh, 0:00:01.001490)
2026-03-13 10:05:32,581  INFO      [192/366]  2024-07-10  OK  (348 actions, 61511 MWh, 0:00:01.762731)
2026-03-13 10:05:34,193  INFO      [193/366]  2024-07-11  OK  (351 actions, 52333 MWh, 0:00:01.610488)
2026-03-13 10:05:35,042  INFO      [194/366]  2024-07-12  OK  (0 actions, 0 MWh, 0:00:00.848386)
2026-03-13 10:05:36,005  INFO      [195/366]  2024-07-13  OK  (98 actions, 8471 MWh, 0:00:00.962273)
2026-03-13 10:05:37,631  INFO      [196/366]  2024-07-14  OK  (331 actions, 30827 MWh, 0:00:01.625730)
2026-03-13 10:05:38,623  INFO      [197/366]  2024-07-15  OK  (93 actions, 5561 MWh, 0:00:00.991931)
2026-03-13 10:05:39,361  INFO      [198/366]  2024-07-16  OK  (12 actions, 421 MWh, 0:00:00.736916)
2026-03-13 10:05:40,331  INFO      [199/366]  2024-07-17  OK  (57 actions, 5178 MWh, 0:00:00.969962)
2026-03-13 10:05:42,445  INFO      [200/366]  2024-07-18  OK  (339 actions, 36118 MWh, 0:00:02.111652)
2026-03-13 10:05:44,026  INFO      [201/366]  2024-07-19  OK  (263 actions, 31140 MWh, 0:00:01.580671)
2026-03-13 10:05:45,059  INFO      [202/366]  2024-07-20  OK  (87 actions, 5509 MWh, 0:00:01.032016)
2026-03-13 10:05:46,388  INFO      [203/366]  2024-07-21  OK  (214 actions, 13825 MWh, 0:00:01.329566)
2026-03-13 10:05:47,170  INFO      [204/366]  2024-07-22  OK  (30 actions, 379 MWh, 0:00:00.780096)
2026-03-13 10:05:47,903  INFO      [205/366]  2024-07-23  OK  (18 actions, 425 MWh, 0:00:00.733545)
2026-03-13 10:05:49,100  INFO      [206/366]  2024-07-24  OK  (153 actions, 20670 MWh, 0:00:01.194646)
2026-03-13 10:05:50,757  INFO      [207/366]  2024-07-25  OK  (114 actions, 8110 MWh, 0:00:01.657749)
2026-03-13 10:05:51,613  INFO      [208/366]  2024-07-26  OK  (41 actions, 2451 MWh, 0:00:00.854292)
2026-03-13 10:05:52,326  INFO      [209/366]  2024-07-27  OK  (6 actions, 210 MWh, 0:00:00.711517)
2026-03-13 10:05:53,178  INFO      [210/366]  2024-07-28  OK  (29 actions, 2999 MWh, 0:00:00.850527)
2026-03-13 10:05:54,225  INFO      [211/366]  2024-07-29  OK  (75 actions, 7062 MWh, 0:00:01.046498)
2026-03-13 10:05:55,467  INFO      [212/366]  2024-07-30  OK  (168 actions, 24753 MWh, 0:00:01.241855)
2026-03-13 10:05:56,425  INFO      [213/366]  2024-07-31  OK  (60 actions, 2024 MWh, 0:00:00.955789)
2026-03-13 10:05:57,356  INFO      [214/366]  2024-08-01  OK  (50 actions, 4414 MWh, 0:00:00.930725)
2026-03-13 10:05:58,726  INFO      [215/366]  2024-08-02  OK  (227 actions, 36910 MWh, 0:00:01.369331)
2026-03-13 10:05:59,540  INFO      [216/366]  2024-08-03  OK  (18 actions, 949 MWh, 0:00:00.812924)
2026-03-13 10:06:02,669  INFO      [217/366]  2024-08-04  OK  (697 actions, 49643 MWh, 0:00:03.128916)
2026-03-13 10:06:05,975  INFO      [218/366]  2024-08-05  OK  (1023 actions, 64716 MWh, 0:00:03.305061)
2026-03-13 10:06:07,252  INFO      [219/366]  2024-08-06  OK  (178 actions, 19635 MWh, 0:00:01.274356)
2026-03-13 10:06:11,062  INFO      [220/366]  2024-08-07  OK  (1140 actions, 139379 MWh, 0:00:03.810048)
2026-03-13 10:06:13,451  INFO      [221/366]  2024-08-08  OK  (452 actions, 52852 MWh, 0:00:02.388061)
2026-03-13 10:06:18,358  INFO      [222/366]  2024-08-09  OK  (1628 actions, 159682 MWh, 0:00:04.905974)
2026-03-13 10:06:22,520  INFO      [223/366]  2024-08-10  OK  (1315 actions, 143866 MWh, 0:00:04.161106)
2026-03-13 10:06:24,505  INFO      [224/366]  2024-08-11  OK  (165 actions, 17612 MWh, 0:00:01.984095)
2026-03-13 10:06:28,265  INFO      [225/366]  2024-08-12  OK  (1107 actions, 85942 MWh, 0:00:03.759909)
2026-03-13 10:06:29,245  INFO      [226/366]  2024-08-13  OK  (301 actions, 44299 MWh, 0:00:00.979202)
2026-03-13 10:06:30,258  INFO      [227/366]  2024-08-14  OK  (367 actions, 50016 MWh, 0:00:01.013134)
2026-03-13 10:06:34,193  INFO      [228/366]  2024-08-15  OK  (1197 actions, 108868 MWh, 0:00:03.927526)
2026-03-13 10:06:36,818  INFO      [229/366]  2024-08-16  OK  (767 actions, 131085 MWh, 0:00:02.625077)
2026-03-13 10:06:39,040  INFO      [230/366]  2024-08-17  OK  (700 actions, 100525 MWh, 0:00:02.220414)
2026-03-13 10:06:42,709  INFO      [231/366]  2024-08-18  OK  (694 actions, 83935 MWh, 0:00:03.668799)
2026-03-13 10:06:44,743  INFO      [232/366]  2024-08-19  OK  (398 actions, 64660 MWh, 0:00:02.034440)
2026-03-13 10:06:48,446  INFO      [233/366]  2024-08-20  OK  (1098 actions, 126224 MWh, 0:00:03.700953)
2026-03-13 10:06:54,587  INFO      [234/366]  2024-08-21  OK  (1966 actions, 213788 MWh, 0:00:06.138911)
2026-03-13 10:06:59,996  INFO      [235/366]  2024-08-22  OK  (1845 actions, 223814 MWh, 0:00:05.407421)
2026-03-13 10:07:03,337  INFO      [236/366]  2024-08-23  OK  (912 actions, 98755 MWh, 0:00:03.341525)
2026-03-13 10:07:07,801  INFO      [237/366]  2024-08-24  OK  (1387 actions, 111672 MWh, 0:00:04.461563)
2026-03-13 10:07:12,903  INFO      [238/366]  2024-08-25  OK  (1666 actions, 135576 MWh, 0:00:05.100594)
2026-03-13 10:07:15,927  INFO      [239/366]  2024-08-26  OK  (740 actions, 45193 MWh, 0:00:03.023484)
2026-03-13 10:07:21,809  INFO      [240/366]  2024-08-27  OK  (1957 actions, 221533 MWh, 0:00:05.881606)
2026-03-13 10:07:24,597  INFO      [241/366]  2024-08-28  OK  (623 actions, 85170 MWh, 0:00:02.786248)
2026-03-13 10:07:26,734  INFO      [242/366]  2024-08-29  OK  (421 actions, 64779 MWh, 0:00:02.136431)
2026-03-13 10:07:29,225  INFO      [243/366]  2024-08-30  OK  (511 actions, 67272 MWh, 0:00:02.490780)
2026-03-13 10:07:31,234  INFO      [244/366]  2024-08-31  OK  (372 actions, 28626 MWh, 0:00:02.008028)
2026-03-13 10:07:33,535  INFO      [245/366]  2024-09-01  OK  (527 actions, 47383 MWh, 0:00:02.298937)
2026-03-13 10:07:34,817  INFO      [246/366]  2024-09-02  OK  (143 actions, 15716 MWh, 0:00:01.281708)
2026-03-13 10:07:35,857  INFO      [247/366]  2024-09-03  OK  (73 actions, 4330 MWh, 0:00:01.037631)
2026-03-13 10:07:36,899  INFO      [248/366]  2024-09-04  OK  (76 actions, 6349 MWh, 0:00:01.041680)
2026-03-13 10:07:38,437  INFO      [249/366]  2024-09-05  OK  (228 actions, 17448 MWh, 0:00:01.536825)
2026-03-13 10:07:40,111  INFO      [250/366]  2024-09-06  OK  (288 actions, 16534 MWh, 0:00:01.673981)
2026-03-13 10:07:40,904  INFO      [251/366]  2024-09-07  OK  (0 actions, 0 MWh, 0:00:00.791757)
2026-03-13 10:07:42,618  INFO      [252/366]  2024-09-08  OK  (150 actions, 11661 MWh, 0:00:01.713126)
2026-03-13 10:07:44,426  INFO      [253/366]  2024-09-09  OK  (295 actions, 31294 MWh, 0:00:01.806008)
2026-03-13 10:07:51,913  INFO      [254/366]  2024-09-10  OK  (2310 actions, 235639 MWh, 0:00:07.486152)
2026-03-13 10:07:57,090  INFO      [255/366]  2024-09-11  OK  (1067 actions, 108995 MWh, 0:00:05.174818)
2026-03-13 10:07:59,883  INFO      [256/366]  2024-09-12  OK  (584 actions, 72142 MWh, 0:00:02.792665)
2026-03-13 10:08:01,612  INFO      [257/366]  2024-09-13  OK  (113 actions, 16126 MWh, 0:00:01.727409)
2026-03-13 10:08:07,037  INFO      [258/366]  2024-09-14  OK  (1702 actions, 240738 MWh, 0:00:05.425457)
2026-03-13 10:08:09,475  INFO      [259/366]  2024-09-15  OK  (549 actions, 57834 MWh, 0:00:02.437502)
2026-03-13 10:08:10,730  INFO      [260/366]  2024-09-16  OK  (127 actions, 7859 MWh, 0:00:01.253586)
2026-03-13 10:08:11,803  INFO      [261/366]  2024-09-17  OK  (111 actions, 8509 MWh, 0:00:01.071626)
2026-03-13 10:08:12,861  INFO      [262/366]  2024-09-18  OK  (96 actions, 6100 MWh, 0:00:01.056494)
2026-03-13 10:08:14,000  INFO      [263/366]  2024-09-19  OK  (140 actions, 8726 MWh, 0:00:01.139391)
2026-03-13 10:08:14,950  INFO      [264/366]  2024-09-20  OK  (51 actions, 1553 MWh, 0:00:00.950375)
2026-03-13 10:08:15,672  INFO      [265/366]  2024-09-21  OK  (7 actions, 68 MWh, 0:00:00.721942)
2026-03-13 10:08:16,373  INFO      [266/366]  2024-09-22  OK  (3 actions, 57 MWh, 0:00:00.699930)
2026-03-13 10:08:17,216  INFO      [267/366]  2024-09-23  OK  (16 actions, 401 MWh, 0:00:00.841424)
2026-03-13 10:08:17,218  WARNING   [268/366]  2024-09-24  SKIP — missing inputs: ['IV_dispatch_changes_by_zone_and_SP_flex.csv']
2026-03-13 10:08:17,221  WARNING   [269/366]  2024-09-25  SKIP — missing inputs: ['IV_dispatch_changes_by_zone_and_SP_flex.csv']
2026-03-13 10:08:17,224  WARNING   [270/366]  2024-09-26  SKIP — missing inputs: ['IV_dispatch_changes_by_zone_and_SP_flex.csv']
2026-03-13 10:08:20,183  INFO      [271/366]  2024-09-27  OK  (779 actions, 106819 MWh, 0:00:02.957229)
2026-03-13 10:08:21,969  INFO      [272/366]  2024-09-28  OK  (400 actions, 23424 MWh, 0:00:01.783983)
2026-03-13 10:08:23,370  INFO      [273/366]  2024-09-29  OK  (231 actions, 19888 MWh, 0:00:01.400044)
2026-03-13 10:08:24,930  INFO      [274/366]  2024-09-30  OK  (231 actions, 17453 MWh, 0:00:01.559127)
2026-03-13 10:08:26,447  INFO      [275/366]  2024-10-01  OK  (115 actions, 13805 MWh, 0:00:01.515746)
2026-03-13 10:08:27,584  INFO      [276/366]  2024-10-02  OK  (90 actions, 2602 MWh, 0:00:01.137301)
2026-03-13 10:08:28,872  INFO      [277/366]  2024-10-03  OK  (106 actions, 13611 MWh, 0:00:01.286940)
2026-03-13 10:08:31,247  INFO      [278/366]  2024-10-04  OK  (496 actions, 76140 MWh, 0:00:02.374831)
2026-03-13 10:08:33,129  INFO      [279/366]  2024-10-05  OK  (368 actions, 51923 MWh, 0:00:01.879494)
2026-03-13 10:08:35,510  INFO      [280/366]  2024-10-06  OK  (567 actions, 48532 MWh, 0:00:02.380486)
2026-03-13 10:08:37,327  INFO      [281/366]  2024-10-07  OK  (381 actions, 35926 MWh, 0:00:01.815871)
2026-03-13 10:08:39,206  INFO      [282/366]  2024-10-08  OK  (196 actions, 33853 MWh, 0:00:01.878449)
2026-03-13 10:08:42,758  INFO      [283/366]  2024-10-09  OK  (812 actions, 157740 MWh, 0:00:03.550828)
2026-03-13 10:08:44,555  INFO      [284/366]  2024-10-10  OK  (283 actions, 43705 MWh, 0:00:01.795676)
2026-03-13 10:08:46,407  INFO      [285/366]  2024-10-11  OK  (402 actions, 72017 MWh, 0:00:01.852375)
2026-03-13 10:08:49,622  INFO      [286/366]  2024-10-12  OK  (822 actions, 98963 MWh, 0:00:03.214533)
2026-03-13 10:08:52,867  INFO      [287/366]  2024-10-13  OK  (783 actions, 46567 MWh, 0:00:03.242842)
2026-03-13 10:08:54,014  INFO      [288/366]  2024-10-14  OK  (83 actions, 10949 MWh, 0:00:01.147865)
2026-03-13 10:08:56,177  INFO      [289/366]  2024-10-15  OK  (376 actions, 64036 MWh, 0:00:02.160292)
2026-03-13 10:08:59,620  INFO      [290/366]  2024-10-16  OK  (809 actions, 101066 MWh, 0:00:03.442269)
2026-03-13 10:09:00,805  INFO      [291/366]  2024-10-17  OK  (80 actions, 8935 MWh, 0:00:01.183931)
2026-03-13 10:09:03,658  INFO      [292/366]  2024-10-18  OK  (548 actions, 98186 MWh, 0:00:02.852075)
2026-03-13 10:09:05,990  INFO      [293/366]  2024-10-19  OK  (482 actions, 47448 MWh, 0:00:02.332278)
2026-03-13 10:09:14,041  INFO      [294/366]  2024-10-20  OK  (2477 actions, 204752 MWh, 0:00:08.048281)
2026-03-13 10:09:17,948  INFO      [295/366]  2024-10-21  OK  (1323 actions, 142058 MWh, 0:00:03.907887)
2026-03-13 10:09:20,714  INFO      [296/366]  2024-10-22  OK  (811 actions, 111212 MWh, 0:00:02.764236)
2026-03-13 10:09:23,346  INFO      [297/366]  2024-10-23  OK  (818 actions, 121160 MWh, 0:00:02.631182)
2026-03-13 10:09:27,243  INFO      [298/366]  2024-10-24  OK  (1332 actions, 150708 MWh, 0:00:03.897382)
2026-03-13 10:09:28,626  INFO      [299/366]  2024-10-25  OK  (271 actions, 21676 MWh, 0:00:01.381479)
2026-03-13 10:09:30,827  INFO      [300/366]  2024-10-26  OK  (615 actions, 84484 MWh, 0:00:02.198893)
2026-03-13 10:09:33,387  INFO      [301/366]  2024-10-27  OK  (767 actions, 79768 MWh, 0:00:02.560074)
2026-03-13 10:09:35,191  INFO      [302/366]  2024-10-28  OK  (446 actions, 25170 MWh, 0:00:01.802274)
2026-03-13 10:09:37,242  INFO      [303/366]  2024-10-29  OK  (549 actions, 60435 MWh, 0:00:02.051400)
2026-03-13 10:09:39,854  INFO      [304/366]  2024-10-30  OK  (784 actions, 83034 MWh, 0:00:02.610399)
2026-03-13 10:09:42,286  INFO      [305/366]  2024-10-31  OK  (670 actions, 105874 MWh, 0:00:02.430895)
2026-03-13 10:09:44,430  INFO      [306/366]  2024-11-01  OK  (539 actions, 64038 MWh, 0:00:02.141904)
2026-03-13 10:09:46,159  INFO      [307/366]  2024-11-02  OK  (343 actions, 45221 MWh, 0:00:01.727922)
2026-03-13 10:09:47,910  INFO      [308/366]  2024-11-03  OK  (361 actions, 32386 MWh, 0:00:01.749362)
2026-03-13 10:09:48,683  INFO      [309/366]  2024-11-04  OK  (14 actions, 100 MWh, 0:00:00.772558)
2026-03-13 10:09:49,504  INFO      [310/366]  2024-11-05  OK  (12 actions, 112 MWh, 0:00:00.819870)
2026-03-13 10:09:50,713  INFO      [311/366]  2024-11-06  OK  (158 actions, 15311 MWh, 0:00:01.208985)
2026-03-13 10:09:52,424  INFO      [312/366]  2024-11-07  OK  (356 actions, 56413 MWh, 0:00:01.708534)
2026-03-13 10:09:54,460  INFO      [313/366]  2024-11-08  OK  (583 actions, 57766 MWh, 0:00:02.034931)
2026-03-13 10:09:57,028  INFO      [314/366]  2024-11-09  OK  (706 actions, 59000 MWh, 0:00:02.567687)
2026-03-13 10:09:59,098  INFO      [315/366]  2024-11-10  OK  (441 actions, 61039 MWh, 0:00:02.070966)
2026-03-13 10:10:00,280  INFO      [316/366]  2024-11-11  OK  (124 actions, 15066 MWh, 0:00:01.180571)
2026-03-13 10:10:01,468  INFO      [317/366]  2024-11-12  OK  (140 actions, 16791 MWh, 0:00:01.186871)
2026-03-13 10:10:03,106  INFO      [318/366]  2024-11-13  OK  (331 actions, 42347 MWh, 0:00:01.635993)
2026-03-13 10:10:04,809  INFO      [319/366]  2024-11-14  OK  (386 actions, 52127 MWh, 0:00:01.701718)
2026-03-13 10:10:07,188  INFO      [320/366]  2024-11-15  OK  (640 actions, 103739 MWh, 0:00:02.379442)
2026-03-13 10:10:10,988  INFO      [321/366]  2024-11-16  OK  (1335 actions, 161037 MWh, 0:00:03.797937)
2026-03-13 10:10:13,742  INFO      [322/366]  2024-11-17  OK  (874 actions, 87407 MWh, 0:00:02.753903)
2026-03-13 10:10:16,255  INFO      [323/366]  2024-11-18  OK  (733 actions, 100908 MWh, 0:00:02.513284)
2026-03-13 10:10:18,655  INFO      [324/366]  2024-11-19  OK  (480 actions, 67932 MWh, 0:00:02.398742)
2026-03-13 10:10:20,816  INFO      [325/366]  2024-11-20  OK  (406 actions, 57614 MWh, 0:00:02.160096)
2026-03-13 10:10:22,605  INFO      [326/366]  2024-11-21  OK  (479 actions, 66368 MWh, 0:00:01.789073)
2026-03-13 10:10:24,055  INFO      [327/366]  2024-11-22  OK  (306 actions, 34003 MWh, 0:00:01.448493)
2026-03-13 10:10:27,822  INFO      [328/366]  2024-11-23  OK  (914 actions, 112427 MWh, 0:00:03.765749)
2026-03-13 10:10:32,697  INFO      [329/366]  2024-11-24  OK  (1840 actions, 204117 MWh, 0:00:04.875234)
2026-03-13 10:10:37,076  INFO      [330/366]  2024-11-25  OK  (1489 actions, 211632 MWh, 0:00:04.378756)
2026-03-13 10:10:40,764  INFO      [331/366]  2024-11-26  OK  (917 actions, 108197 MWh, 0:00:03.686024)
2026-03-13 10:10:41,334  INFO      [332/366]  2024-11-27  OK  (0 actions, 0 MWh, 0:00:00.570394)
2026-03-13 10:10:42,762  INFO      [333/366]  2024-11-28  OK  (323 actions, 37482 MWh, 0:00:01.428140)
2026-03-13 10:10:45,638  INFO      [334/366]  2024-11-29  OK  (772 actions, 93589 MWh, 0:00:02.874612)
2026-03-13 10:10:49,142  INFO      [335/366]  2024-11-30  OK  (1045 actions, 123619 MWh, 0:00:03.501813)
2026-03-13 10:10:52,347  INFO      [336/366]  2024-12-01  OK  (910 actions, 97950 MWh, 0:00:03.203485)
2026-03-13 10:10:55,045  INFO      [337/366]  2024-12-02  OK  (638 actions, 83675 MWh, 0:00:02.697361)
2026-03-13 10:10:58,328  INFO      [338/366]  2024-12-03  OK  (1057 actions, 98839 MWh, 0:00:03.280747)
2026-03-13 10:10:59,842  INFO      [339/366]  2024-12-04  OK  (322 actions, 47154 MWh, 0:00:01.513752)
2026-03-13 10:11:02,332  INFO      [340/366]  2024-12-05  OK  (603 actions, 64464 MWh, 0:00:02.489780)
2026-03-13 10:11:05,039  INFO      [341/366]  2024-12-06  OK  (823 actions, 87096 MWh, 0:00:02.704839)
2026-03-13 10:11:09,792  INFO      [342/366]  2024-12-07  OK  (1343 actions, 182323 MWh, 0:00:04.751745)
2026-03-13 10:11:13,788  INFO      [343/366]  2024-12-08  OK  (1122 actions, 127940 MWh, 0:00:03.994391)
2026-03-13 10:11:15,852  INFO      [344/366]  2024-12-09  OK  (496 actions, 66856 MWh, 0:00:02.064110)
2026-03-13 10:11:17,044  INFO      [345/366]  2024-12-10  OK  (218 actions, 23329 MWh, 0:00:01.192370)
2026-03-13 10:11:17,566  INFO      [346/366]  2024-12-11  OK  (0 actions, 0 MWh, 0:00:00.522264)
2026-03-13 10:11:18,354  INFO      [347/366]  2024-12-12  OK  (31 actions, 439 MWh, 0:00:00.787152)
2026-03-13 10:11:19,058  INFO      [348/366]  2024-12-13  OK  (2 actions, 13 MWh, 0:00:00.703912)
2026-03-13 10:11:20,296  INFO      [349/366]  2024-12-14  OK  (312 actions, 21598 MWh, 0:00:01.236312)
2026-03-13 10:11:25,253  INFO      [350/366]  2024-12-15  OK  (1940 actions, 152521 MWh, 0:00:04.956119)
2026-03-13 10:11:27,757  INFO      [351/366]  2024-12-16  OK  (719 actions, 104969 MWh, 0:00:02.503287)
2026-03-13 10:11:29,719  INFO      [352/366]  2024-12-17  OK  (512 actions, 68054 MWh, 0:00:01.961286)
2026-03-13 10:11:33,264  INFO      [353/366]  2024-12-18  OK  (1235 actions, 158748 MWh, 0:00:03.543511)
2026-03-13 10:11:35,406  INFO      [354/366]  2024-12-19  OK  (565 actions, 89405 MWh, 0:00:02.141433)
2026-03-13 10:11:37,844  INFO      [355/366]  2024-12-20  OK  (735 actions, 108691 MWh, 0:00:02.436461)
2026-03-13 10:11:42,784  INFO      [356/366]  2024-12-21  OK  (2061 actions, 183683 MWh, 0:00:04.939835)
2026-03-13 10:11:47,475  INFO      [357/366]  2024-12-22  OK  (1739 actions, 173127 MWh, 0:00:04.689419)
2026-03-13 10:11:49,461  INFO      [358/366]  2024-12-23  OK  (431 actions, 42405 MWh, 0:00:01.986275)
2026-03-13 10:11:52,316  INFO      [359/366]  2024-12-24  OK  (896 actions, 108992 MWh, 0:00:02.853528)
2026-03-13 10:11:55,243  INFO      [360/366]  2024-12-25  OK  (1008 actions, 124732 MWh, 0:00:02.927364)
2026-03-13 10:11:56,742  INFO      [361/366]  2024-12-26  OK  (302 actions, 17062 MWh, 0:00:01.497731)
2026-03-13 10:11:57,428  INFO      [362/366]  2024-12-27  OK  (0 actions, 0 MWh, 0:00:00.684474)
2026-03-13 10:11:59,127  INFO      [363/366]  2024-12-28  OK  (413 actions, 53478 MWh, 0:00:01.698844)
2026-03-13 10:12:04,059  INFO      [364/366]  2024-12-29  OK  (1882 actions, 243308 MWh, 0:00:04.929448)
2026-03-13 10:12:06,815  INFO      [365/366]  2024-12-30  OK  (880 actions, 85352 MWh, 0:00:02.755014)
2026-03-13 10:12:12,124  INFO      [366/366]  2024-12-31  OK  (2202 actions, 206732 MWh, 0:00:05.309051)
2026-03-13 10:12:12,124  INFO      ======================================================================
2026-03-13 10:12:12,125  INFO      Finished.  Successes: 363  |  Failures: 0  |  Skipped: 3
2026-03-13 10:12:12,125  INFO      Skipped days (missing inputs): ['2024-09-24', '2024-09-25', '2024-09-26']
2026-03-13 10:12:12,125  INFO      ======================================================================
2026-03-18 11:57:23,240  INFO      Loading BMU classification...
2026-03-18 11:57:23,248  INFO      Loaded 1056 BMUs
2026-03-18 11:57:23,248  INFO      Building unit lookup tables...
2026-03-18 11:57:23,321  INFO      Classified 1056 units
2026-03-18 11:57:23,330  INFO      ======================================================================
2026-03-18 11:57:23,330  INFO      Rerunning IV clearing ONLY: 2024-01-01 → 2024-12-31  (366 days)
2026-03-18 11:57:23,333  INFO      Excluded BMUs: ['DRAXX-5', 'DRAXX-6']
2026-03-18 11:57:23,333  INFO      ======================================================================
2026-03-18 11:57:23,986  INFO      [1/366]  2024-01-01  OK  (163 actions, 9326 MWh, 0:00:00.652916)
2026-03-18 11:57:24,796  INFO      [2/366]  2024-01-02  OK  (331 actions, 18388 MWh, 0:00:00.810111)
2026-03-18 11:57:25,208  INFO      [3/366]  2024-01-03  OK  (27 actions, 743 MWh, 0:00:00.411996)
2026-03-18 11:57:25,794  INFO      [4/366]  2024-01-04  OK  (143 actions, 16571 MWh, 0:00:00.586143)
2026-03-18 11:57:26,150  INFO      [5/366]  2024-01-05  OK  (0 actions, 0 MWh, 0:00:00.355727)
2026-03-18 11:57:26,693  INFO      [6/366]  2024-01-06  OK  (110 actions, 5365 MWh, 0:00:00.542718)
2026-03-18 11:57:27,516  INFO      [7/366]  2024-01-07  OK  (297 actions, 24490 MWh, 0:00:00.823408)
2026-03-18 11:57:27,910  INFO      [8/366]  2024-01-08  OK  (8 actions, 157 MWh, 0:00:00.393629)
2026-03-18 11:57:28,356  INFO      [9/366]  2024-01-09  OK  (51 actions, 4595 MWh, 0:00:00.445506)
2026-03-18 11:57:29,022  INFO      [10/366]  2024-01-10  OK  (124 actions, 6262 MWh, 0:00:00.666051)
2026-03-18 11:57:29,514  INFO      [11/366]  2024-01-11  OK  (66 actions, 1013 MWh, 0:00:00.487061)
2026-03-18 11:57:30,214  INFO      [12/366]  2024-01-12  OK  (210 actions, 10813 MWh, 0:00:00.700072)
2026-03-18 11:57:31,547  INFO      [13/366]  2024-01-13  OK  (683 actions, 59563 MWh, 0:00:01.332639)
2026-03-18 11:57:32,075  INFO      [14/366]  2024-01-14  OK  (93 actions, 8213 MWh, 0:00:00.528551)
2026-03-18 11:57:32,712  INFO      [15/366]  2024-01-15  OK  (173 actions, 15503 MWh, 0:00:00.636734)
2026-03-18 11:57:33,118  INFO      [16/366]  2024-01-16  OK  (19 actions, 1129 MWh, 0:00:00.405976)
2026-03-18 11:57:33,591  INFO      [17/366]  2024-01-17  OK  (57 actions, 3966 MWh, 0:00:00.472613)
2026-03-18 11:57:34,530  INFO      [18/366]  2024-01-18  OK  (357 actions, 41237 MWh, 0:00:00.939431)
2026-03-18 11:57:35,851  INFO      [19/366]  2024-01-19  OK  (677 actions, 75539 MWh, 0:00:01.320991)
2026-03-18 11:57:37,314  INFO      [20/366]  2024-01-20  OK  (790 actions, 102577 MWh, 0:00:01.462803)
2026-03-18 11:57:38,602  INFO      [21/366]  2024-01-21  OK  (664 actions, 81729 MWh, 0:00:01.288646)
2026-03-18 11:57:39,692  INFO      [22/366]  2024-01-22  OK  (462 actions, 84390 MWh, 0:00:01.089685)
2026-03-18 11:57:40,793  INFO      [23/366]  2024-01-23  OK  (419 actions, 77197 MWh, 0:00:01.100753)
2026-03-18 11:57:41,846  INFO      [24/366]  2024-01-24  OK  (497 actions, 68329 MWh, 0:00:01.053452)
2026-03-18 11:57:42,860  INFO      [25/366]  2024-01-25  OK  (415 actions, 50875 MWh, 0:00:01.013892)
2026-03-18 11:57:44,399  INFO      [26/366]  2024-01-26  OK  (840 actions, 115881 MWh, 0:00:01.538092)
2026-03-18 11:57:46,243  INFO      [27/366]  2024-01-27  OK  (1101 actions, 142131 MWh, 0:00:01.843856)
2026-03-18 11:57:48,289  INFO      [28/366]  2024-01-28  OK  (1279 actions, 127327 MWh, 0:00:02.045417)
2026-03-18 11:57:48,827  INFO      [29/366]  2024-01-29  OK  (84 actions, 1630 MWh, 0:00:00.538258)
2026-03-18 11:57:49,442  INFO      [30/366]  2024-01-30  OK  (178 actions, 22272 MWh, 0:00:00.615315)
2026-03-18 11:57:51,286  INFO      [31/366]  2024-01-31  OK  (1036 actions, 125099 MWh, 0:00:01.843915)
2026-03-18 11:57:52,023  INFO      [32/366]  2024-02-01  OK  (247 actions, 21513 MWh, 0:00:00.737149)
2026-03-18 11:57:54,087  INFO      [33/366]  2024-02-02  OK  (1278 actions, 127419 MWh, 0:00:02.063864)
2026-03-18 11:57:56,234  INFO      [34/366]  2024-02-03  OK  (1358 actions, 161994 MWh, 0:00:02.147147)
2026-03-18 11:57:58,031  INFO      [35/366]  2024-02-04  OK  (1038 actions, 105362 MWh, 0:00:01.796268)
2026-03-18 11:57:59,374  INFO      [36/366]  2024-02-05  OK  (524 actions, 52517 MWh, 0:00:01.343691)
2026-03-18 11:58:01,016  INFO      [37/366]  2024-02-06  OK  (537 actions, 72945 MWh, 0:00:01.641624)
2026-03-18 11:58:01,709  INFO      [38/366]  2024-02-07  OK  (81 actions, 10337 MWh, 0:00:00.693146)
2026-03-18 11:58:02,430  INFO      [39/366]  2024-02-08  OK  (127 actions, 12572 MWh, 0:00:00.720405)
2026-03-18 11:58:03,928  INFO      [40/366]  2024-02-09  OK  (623 actions, 94000 MWh, 0:00:01.498599)
2026-03-18 11:58:04,793  INFO      [41/366]  2024-02-10  OK  (254 actions, 27895 MWh, 0:00:00.865084)
2026-03-18 11:58:05,388  INFO      [42/366]  2024-02-11  OK  (107 actions, 6491 MWh, 0:00:00.594709)
2026-03-18 11:58:06,014  INFO      [43/366]  2024-02-12  OK  (129 actions, 17901 MWh, 0:00:00.625979)
2026-03-18 11:58:06,784  INFO      [44/366]  2024-02-13  OK  (223 actions, 29284 MWh, 0:00:00.769748)
2026-03-18 11:58:07,439  INFO      [45/366]  2024-02-14  OK  (162 actions, 9985 MWh, 0:00:00.655159)
2026-03-18 11:58:07,948  INFO      [46/366]  2024-02-15  OK  (64 actions, 3146 MWh, 0:00:00.508829)
2026-03-18 11:58:08,740  INFO      [47/366]  2024-02-16  OK  (230 actions, 24471 MWh, 0:00:00.792207)
2026-03-18 11:58:09,514  INFO      [48/366]  2024-02-17  OK  (195 actions, 17535 MWh, 0:00:00.774437)
2026-03-18 11:58:10,202  INFO      [49/366]  2024-02-18  OK  (168 actions, 12454 MWh, 0:00:00.687918)
2026-03-18 11:58:11,130  INFO      [50/366]  2024-02-19  OK  (337 actions, 31243 MWh, 0:00:00.927580)
2026-03-18 11:58:12,575  INFO      [51/366]  2024-02-20  OK  (662 actions, 89673 MWh, 0:00:01.445412)
2026-03-18 11:58:13,952  INFO      [52/366]  2024-02-21  OK  (683 actions, 72380 MWh, 0:00:01.377314)
2026-03-18 11:58:14,811  INFO      [53/366]  2024-02-22  OK  (267 actions, 30642 MWh, 0:00:00.858972)
2026-03-18 11:58:15,500  INFO      [54/366]  2024-02-23  OK  (154 actions, 8450 MWh, 0:00:00.688048)
2026-03-18 11:58:16,657  INFO      [55/366]  2024-02-24  OK  (258 actions, 29093 MWh, 0:00:01.157183)
2026-03-18 11:58:17,404  INFO      [56/366]  2024-02-25  OK  (184 actions, 20328 MWh, 0:00:00.747414)
2026-03-18 11:58:18,371  INFO      [57/366]  2024-02-26  OK  (306 actions, 55862 MWh, 0:00:00.966496)
2026-03-18 11:58:19,601  INFO      [58/366]  2024-02-27  OK  (526 actions, 95989 MWh, 0:00:01.230685)
2026-03-18 11:58:20,874  INFO      [59/366]  2024-02-28  OK  (558 actions, 107508 MWh, 0:00:01.272817)
2026-03-18 11:58:22,230  INFO      [60/366]  2024-02-29  OK  (624 actions, 104900 MWh, 0:00:01.355580)
2026-03-18 11:58:22,720  INFO      [61/366]  2024-03-01  OK  (50 actions, 3552 MWh, 0:00:00.490007)
2026-03-18 11:58:23,193  INFO      [62/366]  2024-03-02  OK  (51 actions, 4414 MWh, 0:00:00.473112)
2026-03-18 11:58:23,940  INFO      [63/366]  2024-03-03  OK  (204 actions, 28504 MWh, 0:00:00.746951)
2026-03-18 11:58:24,975  INFO      [64/366]  2024-03-04  OK  (384 actions, 53277 MWh, 0:00:01.035568)
2026-03-18 11:58:26,062  INFO      [65/366]  2024-03-05  OK  (419 actions, 76542 MWh, 0:00:01.086280)
2026-03-18 11:58:26,668  INFO      [66/366]  2024-03-06  OK  (117 actions, 13356 MWh, 0:00:00.606369)
2026-03-18 11:58:27,919  INFO      [67/366]  2024-03-07  OK  (531 actions, 58130 MWh, 0:00:01.251463)
2026-03-18 11:58:29,062  INFO      [68/366]  2024-03-08  OK  (460 actions, 59182 MWh, 0:00:01.142258)
2026-03-18 11:58:30,456  INFO      [69/366]  2024-03-09  OK  (640 actions, 57701 MWh, 0:00:01.393863)
2026-03-18 11:58:32,464  INFO      [70/366]  2024-03-10  OK  (928 actions, 104588 MWh, 0:00:02.008049)
2026-03-18 11:58:33,233  INFO      [71/366]  2024-03-11  OK  (233 actions, 12160 MWh, 0:00:00.769846)
2026-03-18 11:58:34,107  INFO      [72/366]  2024-03-12  OK  (301 actions, 24706 MWh, 0:00:00.873892)
2026-03-18 11:58:36,023  INFO      [73/366]  2024-03-13  OK  (982 actions, 131562 MWh, 0:00:01.915321)
2026-03-18 11:58:37,112  INFO      [74/366]  2024-03-14  OK  (447 actions, 33375 MWh, 0:00:01.089203)
2026-03-18 11:58:38,518  INFO      [75/366]  2024-03-15  OK  (634 actions, 44446 MWh, 0:00:01.406127)
2026-03-18 11:58:40,014  INFO      [76/366]  2024-03-16  OK  (685 actions, 58149 MWh, 0:00:01.495637)
2026-03-18 11:58:41,644  INFO      [77/366]  2024-03-17  OK  (528 actions, 28188 MWh, 0:00:01.630845)
2026-03-18 11:58:42,838  INFO      [78/366]  2024-03-18  OK  (547 actions, 67263 MWh, 0:00:01.193415)
2026-03-18 11:58:44,683  INFO      [79/366]  2024-03-19  OK  (980 actions, 91988 MWh, 0:00:01.844807)
2026-03-18 11:58:46,017  INFO      [80/366]  2024-03-20  OK  (633 actions, 42440 MWh, 0:00:01.333893)
2026-03-18 11:58:47,821  INFO      [81/366]  2024-03-21  OK  (957 actions, 149891 MWh, 0:00:01.804918)
2026-03-18 11:58:50,733  INFO      [82/366]  2024-03-22  OK  (1795 actions, 165819 MWh, 0:00:02.911664)
2026-03-18 11:58:53,189  INFO      [83/366]  2024-03-23  OK  (1553 actions, 116309 MWh, 0:00:02.455377)
2026-03-18 11:58:54,291  INFO      [84/366]  2024-03-24  OK  (483 actions, 33070 MWh, 0:00:01.102048)
2026-03-18 11:58:54,897  INFO      [85/366]  2024-03-25  OK  (122 actions, 10323 MWh, 0:00:00.606592)
2026-03-18 11:58:55,640  INFO      [86/366]  2024-03-26  OK  (182 actions, 18821 MWh, 0:00:00.742863)
2026-03-18 11:58:56,736  INFO      [87/366]  2024-03-27  OK  (373 actions, 32191 MWh, 0:00:01.096349)
2026-03-18 11:58:57,832  INFO      [88/366]  2024-03-28  OK  (369 actions, 39307 MWh, 0:00:01.095791)
2026-03-18 11:58:58,732  INFO      [89/366]  2024-03-29  OK  (260 actions, 11645 MWh, 0:00:00.899423)
2026-03-18 11:58:59,331  INFO      [90/366]  2024-03-30  OK  (68 actions, 3062 MWh, 0:00:00.599802)
2026-03-18 11:59:00,023  INFO      [91/366]  2024-03-31  OK  (171 actions, 9395 MWh, 0:00:00.691585)
2026-03-18 11:59:00,552  INFO      [92/366]  2024-04-01  OK  (64 actions, 5062 MWh, 0:00:00.527143)
2026-03-18 11:59:01,145  INFO      [93/366]  2024-04-02  OK  (109 actions, 9887 MWh, 0:00:00.592440)
2026-03-18 11:59:02,204  INFO      [94/366]  2024-04-03  OK  (345 actions, 40507 MWh, 0:00:01.059875)
2026-03-18 11:59:02,703  INFO      [95/366]  2024-04-04  OK  (28 actions, 1090 MWh, 0:00:00.498535)
2026-03-18 11:59:03,993  INFO      [96/366]  2024-04-05  OK  (472 actions, 23198 MWh, 0:00:01.290352)
2026-03-18 11:59:06,270  INFO      [97/366]  2024-04-06  OK  (1375 actions, 97302 MWh, 0:00:02.276359)
2026-03-18 11:59:08,519  INFO      [98/366]  2024-04-07  OK  (1368 actions, 101623 MWh, 0:00:02.248950)
2026-03-18 11:59:10,171  INFO      [99/366]  2024-04-08  OK  (556 actions, 60919 MWh, 0:00:01.652628)
2026-03-18 11:59:11,639  INFO      [100/366]  2024-04-09  OK  (746 actions, 53823 MWh, 0:00:01.468123)
2026-03-18 11:59:12,729  INFO      [101/366]  2024-04-10  OK  (474 actions, 42180 MWh, 0:00:01.089768)
2026-03-18 11:59:14,798  INFO      [102/366]  2024-04-11  OK  (1119 actions, 93566 MWh, 0:00:02.068555)
2026-03-18 11:59:17,062  INFO      [103/366]  2024-04-12  OK  (1347 actions, 105234 MWh, 0:00:02.264687)
2026-03-18 11:59:19,737  INFO      [104/366]  2024-04-13  OK  (1579 actions, 131989 MWh, 0:00:02.674328)
2026-03-18 11:59:22,320  INFO      [105/366]  2024-04-14  OK  (1359 actions, 118093 MWh, 0:00:02.581784)
2026-03-18 11:59:24,342  INFO      [106/366]  2024-04-15  OK  (1175 actions, 89065 MWh, 0:00:02.021347)
2026-03-18 11:59:25,884  INFO      [107/366]  2024-04-16  OK  (728 actions, 72586 MWh, 0:00:01.542306)
2026-03-18 11:59:28,420  INFO      [108/366]  2024-04-17  OK  (242 actions, 35009 MWh, 0:00:02.535815)
2026-03-18 11:59:30,685  INFO      [109/366]  2024-04-18  OK  (420 actions, 56089 MWh, 0:00:02.265203)
2026-03-18 11:59:32,941  INFO      [110/366]  2024-04-19  OK  (1072 actions, 87747 MWh, 0:00:02.255564)
2026-03-18 11:59:33,561  INFO      [111/366]  2024-04-20  OK  (128 actions, 5092 MWh, 0:00:00.620357)
2026-03-18 11:59:34,811  INFO      [112/366]  2024-04-21  OK  (526 actions, 24103 MWh, 0:00:01.250288)
2026-03-18 11:59:35,560  INFO      [113/366]  2024-04-22  OK  (225 actions, 25132 MWh, 0:00:00.748573)
2026-03-18 11:59:36,309  INFO      [114/366]  2024-04-23  OK  (124 actions, 13751 MWh, 0:00:00.748959)
2026-03-18 11:59:36,862  INFO      [115/366]  2024-04-24  OK  (80 actions, 6815 MWh, 0:00:00.553475)
2026-03-18 11:59:37,524  INFO      [116/366]  2024-04-25  OK  (142 actions, 12644 MWh, 0:00:00.661430)
2026-03-18 11:59:37,918  INFO      [117/366]  2024-04-26  OK  (2 actions, 50 MWh, 0:00:00.394571)
2026-03-18 11:59:38,322  INFO      [118/366]  2024-04-27  OK  (2 actions, 15 MWh, 0:00:00.404288)
2026-03-18 11:59:39,555  INFO      [119/366]  2024-04-28  OK  (551 actions, 45816 MWh, 0:00:01.232869)
2026-03-18 11:59:41,337  INFO      [120/366]  2024-04-29  OK  (986 actions, 108694 MWh, 0:00:01.781631)
2026-03-18 11:59:43,109  INFO      [121/366]  2024-04-30  OK  (966 actions, 91957 MWh, 0:00:01.772404)
2026-03-18 11:59:43,640  INFO      [122/366]  2024-05-01  OK  (77 actions, 4912 MWh, 0:00:00.530540)
2026-03-18 11:59:44,511  INFO      [123/366]  2024-05-02  OK  (290 actions, 27558 MWh, 0:00:00.870641)
2026-03-18 11:59:45,014  INFO      [124/366]  2024-05-03  OK  (53 actions, 3300 MWh, 0:00:00.503307)
2026-03-18 11:59:45,546  INFO      [125/366]  2024-05-04  OK  (67 actions, 3161 MWh, 0:00:00.532475)
2026-03-18 11:59:46,481  INFO      [126/366]  2024-05-05  OK  (328 actions, 17660 MWh, 0:00:00.934807)
2026-03-18 11:59:46,986  INFO      [127/366]  2024-05-06  OK  (13 actions, 211 MWh, 0:00:00.504678)
2026-03-18 11:59:47,868  INFO      [128/366]  2024-05-07  OK  (278 actions, 24417 MWh, 0:00:00.882262)
2026-03-18 11:59:48,429  INFO      [129/366]  2024-05-08  OK  (106 actions, 15973 MWh, 0:00:00.561284)
2026-03-18 11:59:49,058  INFO      [130/366]  2024-05-09  OK  (141 actions, 23785 MWh, 0:00:00.628645)
2026-03-18 11:59:49,465  INFO      [131/366]  2024-05-10  OK  (2 actions, 18 MWh, 0:00:00.407213)
2026-03-18 11:59:50,200  INFO      [132/366]  2024-05-11  OK  (137 actions, 17198 MWh, 0:00:00.734644)
2026-03-18 11:59:51,683  INFO      [133/366]  2024-05-12  OK  (628 actions, 48179 MWh, 0:00:01.483325)
2026-03-18 11:59:52,296  INFO      [134/366]  2024-05-13  OK  (104 actions, 15350 MWh, 0:00:00.612890)
2026-03-18 11:59:52,871  INFO      [135/366]  2024-05-14  OK  (89 actions, 8668 MWh, 0:00:00.574562)
2026-03-18 11:59:53,276  INFO      [136/366]  2024-05-15  OK  (6 actions, 147 MWh, 0:00:00.405460)
2026-03-18 11:59:53,683  INFO      [137/366]  2024-05-16  OK  (8 actions, 92 MWh, 0:00:00.407354)
2026-03-18 11:59:54,105  INFO      [138/366]  2024-05-17  OK  (10 actions, 90 MWh, 0:00:00.421745)
2026-03-18 11:59:54,643  INFO      [139/366]  2024-05-18  OK  (69 actions, 147 MWh, 0:00:00.537481)
2026-03-18 11:59:55,385  INFO      [140/366]  2024-05-19  OK  (174 actions, 11707 MWh, 0:00:00.742510)
2026-03-18 11:59:55,863  INFO      [141/366]  2024-05-20  OK  (0 actions, 0 MWh, 0:00:00.477433)
2026-03-18 11:59:56,259  INFO      [142/366]  2024-05-21  OK  (5 actions, 54 MWh, 0:00:00.396389)
2026-03-18 11:59:57,952  INFO      [143/366]  2024-05-22  OK  (810 actions, 60982 MWh, 0:00:01.693285)
2026-03-18 11:59:59,256  INFO      [144/366]  2024-05-23  OK  (496 actions, 28237 MWh, 0:00:01.303606)
2026-03-18 11:59:59,668  INFO      [145/366]  2024-05-24  OK  (0 actions, 0 MWh, 0:00:00.412374)
2026-03-18 12:00:00,162  INFO      [146/366]  2024-05-25  OK  (9 actions, 244 MWh, 0:00:00.493957)
2026-03-18 12:00:00,685  INFO      [147/366]  2024-05-26  OK  (58 actions, 4831 MWh, 0:00:00.523223)
2026-03-18 12:00:01,130  INFO      [148/366]  2024-05-27  OK  (21 actions, 662 MWh, 0:00:00.444928)
2026-03-18 12:00:01,816  INFO      [149/366]  2024-05-28  OK  (155 actions, 10683 MWh, 0:00:00.685152)
2026-03-18 12:00:02,422  INFO      [150/366]  2024-05-29  OK  (90 actions, 6400 MWh, 0:00:00.606263)
2026-03-18 12:00:03,623  INFO      [151/366]  2024-05-30  OK  (496 actions, 46169 MWh, 0:00:01.201691)
2026-03-18 12:00:04,143  INFO      [152/366]  2024-05-31  OK  (65 actions, 2898 MWh, 0:00:00.519461)
2026-03-18 12:00:04,620  INFO      [153/366]  2024-06-01  OK  (41 actions, 935 MWh, 0:00:00.477131)
2026-03-18 12:00:05,428  INFO      [154/366]  2024-06-02  OK  (280 actions, 27853 MWh, 0:00:00.808028)
2026-03-18 12:00:06,637  INFO      [155/366]  2024-06-03  OK  (439 actions, 65496 MWh, 0:00:01.208703)
2026-03-18 12:00:08,139  INFO      [156/366]  2024-06-04  OK  (737 actions, 129480 MWh, 0:00:01.502507)
2026-03-18 12:00:09,375  INFO      [157/366]  2024-06-05  OK  (552 actions, 63771 MWh, 0:00:01.222970)
2026-03-18 12:00:09,995  INFO      [158/366]  2024-06-06  OK  (114 actions, 15140 MWh, 0:00:00.619985)
2026-03-18 12:00:11,429  INFO      [159/366]  2024-06-07  OK  (711 actions, 67789 MWh, 0:00:01.434220)
2026-03-18 12:00:13,730  INFO      [160/366]  2024-06-08  OK  (1407 actions, 140644 MWh, 0:00:02.284839)
2026-03-18 12:00:15,146  INFO      [161/366]  2024-06-09  OK  (716 actions, 46103 MWh, 0:00:01.416176)
2026-03-18 12:00:16,667  INFO      [162/366]  2024-06-10  OK  (771 actions, 73067 MWh, 0:00:01.509541)
2026-03-18 12:00:17,683  INFO      [163/366]  2024-06-11  OK  (376 actions, 47382 MWh, 0:00:01.014498)
2026-03-18 12:00:19,029  INFO      [164/366]  2024-06-12  OK  (624 actions, 45464 MWh, 0:00:01.345460)
2026-03-18 12:00:19,654  INFO      [165/366]  2024-06-13  OK  (138 actions, 27508 MWh, 0:00:00.624651)
2026-03-18 12:00:20,539  INFO      [166/366]  2024-06-14  OK  (269 actions, 32792 MWh, 0:00:00.885895)
2026-03-18 12:00:21,820  INFO      [167/366]  2024-06-15  OK  (583 actions, 42208 MWh, 0:00:01.280886)
2026-03-18 12:00:22,842  INFO      [168/366]  2024-06-16  OK  (297 actions, 19750 MWh, 0:00:01.018525)
2026-03-18 12:00:23,290  INFO      [169/366]  2024-06-17  OK  (31 actions, 1331 MWh, 0:00:00.445741)
2026-03-18 12:00:23,767  INFO      [170/366]  2024-06-18  OK  (45 actions, 2522 MWh, 0:00:00.477422)
2026-03-18 12:00:24,565  INFO      [171/366]  2024-06-19  OK  (270 actions, 27831 MWh, 0:00:00.797349)
2026-03-18 12:00:25,234  INFO      [172/366]  2024-06-20  OK  (149 actions, 11214 MWh, 0:00:00.669412)
2026-03-18 12:00:25,855  INFO      [173/366]  2024-06-21  OK  (109 actions, 9463 MWh, 0:00:00.621106)
2026-03-18 12:00:26,456  INFO      [174/366]  2024-06-22  OK  (105 actions, 17349 MWh, 0:00:00.598668)
2026-03-18 12:00:27,054  INFO      [175/366]  2024-06-23  OK  (122 actions, 9947 MWh, 0:00:00.597548)
2026-03-18 12:00:27,657  INFO      [176/366]  2024-06-24  OK  (115 actions, 5135 MWh, 0:00:00.603054)
2026-03-18 12:00:28,093  INFO      [177/366]  2024-06-25  OK  (19 actions, 608 MWh, 0:00:00.436772)
2026-03-18 12:00:28,698  INFO      [178/366]  2024-06-26  OK  (118 actions, 18817 MWh, 0:00:00.604840)
2026-03-18 12:00:30,583  INFO      [179/366]  2024-06-27  OK  (1024 actions, 138119 MWh, 0:00:01.884980)
2026-03-18 12:00:33,077  INFO      [180/366]  2024-06-28  OK  (1493 actions, 169278 MWh, 0:00:02.493863)
2026-03-18 12:00:34,405  INFO      [181/366]  2024-06-29  OK  (507 actions, 65468 MWh, 0:00:01.322447)
2026-03-18 12:00:34,864  INFO      [182/366]  2024-06-30  OK  (35 actions, 1571 MWh, 0:00:00.458785)
2026-03-18 12:00:35,600  INFO      [183/366]  2024-07-01  OK  (186 actions, 21589 MWh, 0:00:00.736571)
2026-03-18 12:00:36,315  INFO      [184/366]  2024-07-02  OK  (174 actions, 9851 MWh, 0:00:00.714641)
2026-03-18 12:00:38,146  INFO      [185/366]  2024-07-03  OK  (998 actions, 75836 MWh, 0:00:01.830759)
2026-03-18 12:00:40,627  INFO      [186/366]  2024-07-04  OK  (1496 actions, 124448 MWh, 0:00:02.481172)
2026-03-18 12:00:42,553  INFO      [187/366]  2024-07-05  OK  (1078 actions, 88142 MWh, 0:00:01.925702)
2026-03-18 12:00:43,265  INFO      [188/366]  2024-07-06  OK  (181 actions, 6556 MWh, 0:00:00.712022)
2026-03-18 12:00:43,738  INFO      [189/366]  2024-07-07  OK  (52 actions, 2065 MWh, 0:00:00.473332)
2026-03-18 12:00:44,152  INFO      [190/366]  2024-07-08  OK  (13 actions, 492 MWh, 0:00:00.413810)
2026-03-18 12:00:44,704  INFO      [191/366]  2024-07-09  OK  (89 actions, 8392 MWh, 0:00:00.551895)
2026-03-18 12:00:45,687  INFO      [192/366]  2024-07-10  OK  (348 actions, 61511 MWh, 0:00:00.983630)
2026-03-18 12:00:46,642  INFO      [193/366]  2024-07-11  OK  (351 actions, 52333 MWh, 0:00:00.954943)
2026-03-18 12:00:47,112  INFO      [194/366]  2024-07-12  OK  (0 actions, 0 MWh, 0:00:00.469725)
2026-03-18 12:00:47,669  INFO      [195/366]  2024-07-13  OK  (98 actions, 8471 MWh, 0:00:00.557404)
2026-03-18 12:00:48,634  INFO      [196/366]  2024-07-14  OK  (331 actions, 30827 MWh, 0:00:00.964697)
2026-03-18 12:00:49,176  INFO      [197/366]  2024-07-15  OK  (93 actions, 5561 MWh, 0:00:00.541763)
2026-03-18 12:00:49,590  INFO      [198/366]  2024-07-16  OK  (12 actions, 421 MWh, 0:00:00.414068)
2026-03-18 12:00:50,171  INFO      [199/366]  2024-07-17  OK  (57 actions, 5178 MWh, 0:00:00.581324)
2026-03-18 12:00:51,233  INFO      [200/366]  2024-07-18  OK  (339 actions, 36118 MWh, 0:00:01.061612)
2026-03-18 12:00:52,077  INFO      [201/366]  2024-07-19  OK  (263 actions, 31140 MWh, 0:00:00.844266)
2026-03-18 12:00:52,638  INFO      [202/366]  2024-07-20  OK  (87 actions, 5509 MWh, 0:00:00.560697)
2026-03-18 12:00:53,396  INFO      [203/366]  2024-07-21  OK  (214 actions, 13825 MWh, 0:00:00.758718)
2026-03-18 12:00:53,857  INFO      [204/366]  2024-07-22  OK  (30 actions, 379 MWh, 0:00:00.461002)
2026-03-18 12:00:54,273  INFO      [205/366]  2024-07-23  OK  (18 actions, 425 MWh, 0:00:00.415124)
2026-03-18 12:00:54,936  INFO      [206/366]  2024-07-24  OK  (153 actions, 20670 MWh, 0:00:00.663626)
2026-03-18 12:00:55,638  INFO      [207/366]  2024-07-25  OK  (114 actions, 8110 MWh, 0:00:00.701656)
2026-03-18 12:00:56,083  INFO      [208/366]  2024-07-26  OK  (41 actions, 2451 MWh, 0:00:00.444767)
2026-03-18 12:00:56,495  INFO      [209/366]  2024-07-27  OK  (6 actions, 210 MWh, 0:00:00.412070)
2026-03-18 12:00:56,947  INFO      [210/366]  2024-07-28  OK  (29 actions, 2999 MWh, 0:00:00.451937)
2026-03-18 12:00:57,484  INFO      [211/366]  2024-07-29  OK  (75 actions, 7062 MWh, 0:00:00.536954)
2026-03-18 12:00:58,185  INFO      [212/366]  2024-07-30  OK  (168 actions, 24753 MWh, 0:00:00.700429)
2026-03-18 12:00:58,710  INFO      [213/366]  2024-07-31  OK  (60 actions, 2024 MWh, 0:00:00.525530)
2026-03-18 12:00:59,202  INFO      [214/366]  2024-08-01  OK  (50 actions, 4414 MWh, 0:00:00.491871)
2026-03-18 12:00:59,993  INFO      [215/366]  2024-08-02  OK  (227 actions, 36910 MWh, 0:00:00.790749)
2026-03-18 12:01:00,458  INFO      [216/366]  2024-08-03  OK  (18 actions, 949 MWh, 0:00:00.464967)
2026-03-18 12:01:01,947  INFO      [217/366]  2024-08-04  OK  (697 actions, 49643 MWh, 0:00:01.489011)
2026-03-18 12:01:03,954  INFO      [218/366]  2024-08-05  OK  (1023 actions, 64716 MWh, 0:00:02.007531)
2026-03-18 12:01:04,675  INFO      [219/366]  2024-08-06  OK  (178 actions, 19635 MWh, 0:00:00.720355)
2026-03-18 12:01:06,674  INFO      [220/366]  2024-08-07  OK  (1140 actions, 139379 MWh, 0:00:01.999679)
2026-03-18 12:01:07,892  INFO      [221/366]  2024-08-08  OK  (452 actions, 52852 MWh, 0:00:01.217789)
2026-03-18 12:01:10,526  INFO      [222/366]  2024-08-09  OK  (1628 actions, 159682 MWh, 0:00:02.634470)
2026-03-18 12:01:12,704  INFO      [223/366]  2024-08-10  OK  (1315 actions, 143866 MWh, 0:00:02.177243)
2026-03-18 12:01:13,367  INFO      [224/366]  2024-08-11  OK  (165 actions, 17612 MWh, 0:00:00.663748)
2026-03-18 12:01:15,559  INFO      [225/366]  2024-08-12  OK  (1107 actions, 85942 MWh, 0:00:02.191823)
2026-03-18 12:01:17,133  INFO      [226/366]  2024-08-13  OK  (301 actions, 44299 MWh, 0:00:01.573898)
2026-03-18 12:01:19,575  INFO      [227/366]  2024-08-14  OK  (367 actions, 50016 MWh, 0:00:02.441321)
2026-03-18 12:01:22,974  INFO      [228/366]  2024-08-15  OK  (1197 actions, 108868 MWh, 0:00:03.395496)
2026-03-18 12:01:25,505  INFO      [229/366]  2024-08-16  OK  (767 actions, 131085 MWh, 0:00:02.529608)
2026-03-18 12:01:28,138  INFO      [230/366]  2024-08-17  OK  (700 actions, 100525 MWh, 0:00:02.633472)
2026-03-18 12:01:30,982  INFO      [231/366]  2024-08-18  OK  (694 actions, 83935 MWh, 0:00:02.839643)
2026-03-18 12:01:33,080  INFO      [232/366]  2024-08-19  OK  (398 actions, 64660 MWh, 0:00:02.098705)
2026-03-18 12:01:36,820  INFO      [233/366]  2024-08-20  OK  (1098 actions, 126224 MWh, 0:00:03.739610)
2026-03-18 12:01:41,344  INFO      [234/366]  2024-08-21  OK  (1966 actions, 213788 MWh, 0:00:04.517388)
2026-03-18 12:01:46,782  INFO      [235/366]  2024-08-22  OK  (1845 actions, 223814 MWh, 0:00:05.438579)
2026-03-18 12:01:49,333  INFO      [236/366]  2024-08-23  OK  (912 actions, 98755 MWh, 0:00:02.551240)
2026-03-18 12:01:53,586  INFO      [237/366]  2024-08-24  OK  (1387 actions, 111672 MWh, 0:00:04.252830)
2026-03-18 12:01:58,878  INFO      [238/366]  2024-08-25  OK  (1666 actions, 135576 MWh, 0:00:05.291205)
2026-03-18 12:02:01,269  INFO      [239/366]  2024-08-26  OK  (740 actions, 45193 MWh, 0:00:02.391666)
2026-03-18 12:02:04,469  INFO      [240/366]  2024-08-27  OK  (1957 actions, 221533 MWh, 0:00:03.199664)
2026-03-18 12:02:05,866  INFO      [241/366]  2024-08-28  OK  (623 actions, 85170 MWh, 0:00:01.396698)
2026-03-18 12:02:06,961  INFO      [242/366]  2024-08-29  OK  (421 actions, 64779 MWh, 0:00:01.095724)
2026-03-18 12:02:08,283  INFO      [243/366]  2024-08-30  OK  (511 actions, 67272 MWh, 0:00:01.321907)
2026-03-18 12:02:09,320  INFO      [244/366]  2024-08-31  OK  (372 actions, 28626 MWh, 0:00:01.036444)
2026-03-18 12:02:10,537  INFO      [245/366]  2024-09-01  OK  (527 actions, 47383 MWh, 0:00:01.217001)
2026-03-18 12:02:11,201  INFO      [246/366]  2024-09-02  OK  (143 actions, 15716 MWh, 0:00:00.664054)
2026-03-18 12:02:11,759  INFO      [247/366]  2024-09-03  OK  (73 actions, 4330 MWh, 0:00:00.558092)
2026-03-18 12:02:12,312  INFO      [248/366]  2024-09-04  OK  (76 actions, 6349 MWh, 0:00:00.553498)
2026-03-18 12:02:13,112  INFO      [249/366]  2024-09-05  OK  (228 actions, 17448 MWh, 0:00:00.799994)
2026-03-18 12:02:14,002  INFO      [250/366]  2024-09-06  OK  (288 actions, 16534 MWh, 0:00:00.889332)
2026-03-18 12:02:14,410  INFO      [251/366]  2024-09-07  OK  (0 actions, 0 MWh, 0:00:00.408522)
2026-03-18 12:02:15,100  INFO      [252/366]  2024-09-08  OK  (150 actions, 11661 MWh, 0:00:00.689378)
2026-03-18 12:02:16,048  INFO      [253/366]  2024-09-09  OK  (295 actions, 31294 MWh, 0:00:00.939740)
2026-03-18 12:02:20,391  INFO      [254/366]  2024-09-10  OK  (2310 actions, 235639 MWh, 0:00:04.343177)
2026-03-18 12:02:23,143  INFO      [255/366]  2024-09-11  OK  (1067 actions, 108995 MWh, 0:00:02.752292)
2026-03-18 12:02:24,716  INFO      [256/366]  2024-09-12  OK  (584 actions, 72142 MWh, 0:00:01.572331)
2026-03-18 12:02:25,352  INFO      [257/366]  2024-09-13  OK  (113 actions, 16126 MWh, 0:00:00.636708)
2026-03-18 12:02:28,132  INFO      [258/366]  2024-09-14  OK  (1702 actions, 240738 MWh, 0:00:02.764579)
2026-03-18 12:02:29,440  INFO      [259/366]  2024-09-15  OK  (549 actions, 57834 MWh, 0:00:01.308328)
2026-03-18 12:02:30,125  INFO      [260/366]  2024-09-16  OK  (127 actions, 7859 MWh, 0:00:00.684641)
2026-03-18 12:02:30,760  INFO      [261/366]  2024-09-17  OK  (111 actions, 8509 MWh, 0:00:00.635655)
2026-03-18 12:02:31,359  INFO      [262/366]  2024-09-18  OK  (96 actions, 6100 MWh, 0:00:00.598526)
2026-03-18 12:02:32,034  INFO      [263/366]  2024-09-19  OK  (140 actions, 8726 MWh, 0:00:00.674932)
2026-03-18 12:02:32,559  INFO      [264/366]  2024-09-20  OK  (51 actions, 1553 MWh, 0:00:00.523962)
2026-03-18 12:02:33,006  INFO      [265/366]  2024-09-21  OK  (7 actions, 68 MWh, 0:00:00.447024)
2026-03-18 12:02:33,432  INFO      [266/366]  2024-09-22  OK  (3 actions, 57 MWh, 0:00:00.422774)
2026-03-18 12:02:33,881  INFO      [267/366]  2024-09-23  OK  (16 actions, 401 MWh, 0:00:00.449341)
2026-03-18 12:02:33,881  WARNING   [268/366]  2024-09-24  SKIP — missing inputs: ['IV_dispatch_changes_by_zone_and_SP_flex.csv']
2026-03-18 12:02:33,891  WARNING   [269/366]  2024-09-25  SKIP — missing inputs: ['IV_dispatch_changes_by_zone_and_SP_flex.csv']
2026-03-18 12:02:33,891  WARNING   [270/366]  2024-09-26  SKIP — missing inputs: ['IV_dispatch_changes_by_zone_and_SP_flex.csv']
2026-03-18 12:02:35,597  INFO      [271/366]  2024-09-27  OK  (779 actions, 106819 MWh, 0:00:01.706099)
2026-03-18 12:02:36,643  INFO      [272/366]  2024-09-28  OK  (400 actions, 23424 MWh, 0:00:01.045880)
2026-03-18 12:02:37,470  INFO      [273/366]  2024-09-29  OK  (231 actions, 19888 MWh, 0:00:00.827094)
2026-03-18 12:02:38,310  INFO      [274/366]  2024-09-30  OK  (231 actions, 17453 MWh, 0:00:00.839631)
2026-03-18 12:02:38,961  INFO      [275/366]  2024-10-01  OK  (115 actions, 13805 MWh, 0:00:00.651427)
2026-03-18 12:02:39,627  INFO      [276/366]  2024-10-02  OK  (90 actions, 2602 MWh, 0:00:00.665692)
2026-03-18 12:02:40,277  INFO      [277/366]  2024-10-03  OK  (106 actions, 13611 MWh, 0:00:00.649824)
2026-03-18 12:02:41,488  INFO      [278/366]  2024-10-04  OK  (496 actions, 76140 MWh, 0:00:01.211070)
2026-03-18 12:02:42,516  INFO      [279/366]  2024-10-05  OK  (368 actions, 51923 MWh, 0:00:01.028518)
2026-03-18 12:02:43,878  INFO      [280/366]  2024-10-06  OK  (567 actions, 48532 MWh, 0:00:01.362119)
2026-03-18 12:02:44,921  INFO      [281/366]  2024-10-07  OK  (381 actions, 35926 MWh, 0:00:01.043000)
2026-03-18 12:02:45,701  INFO      [282/366]  2024-10-08  OK  (196 actions, 33853 MWh, 0:00:00.779557)
2026-03-18 12:02:47,347  INFO      [283/366]  2024-10-09  OK  (812 actions, 157740 MWh, 0:00:01.646429)
2026-03-18 12:02:48,365  INFO      [284/366]  2024-10-10  OK  (283 actions, 43705 MWh, 0:00:01.017393)
2026-03-18 12:02:49,477  INFO      [285/366]  2024-10-11  OK  (402 actions, 72017 MWh, 0:00:01.112114)
2026-03-18 12:02:51,320  INFO      [286/366]  2024-10-12  OK  (822 actions, 98963 MWh, 0:00:01.843244)
2026-03-18 12:02:52,888  INFO      [287/366]  2024-10-13  OK  (783 actions, 46567 MWh, 0:00:01.568191)
2026-03-18 12:02:53,489  INFO      [288/366]  2024-10-14  OK  (83 actions, 10949 MWh, 0:00:00.600782)
2026-03-18 12:02:54,536  INFO      [289/366]  2024-10-15  OK  (376 actions, 64036 MWh, 0:00:01.047203)
2026-03-18 12:02:56,236  INFO      [290/366]  2024-10-16  OK  (809 actions, 101066 MWh, 0:00:01.699581)
2026-03-18 12:02:56,823  INFO      [291/366]  2024-10-17  OK  (80 actions, 8935 MWh, 0:00:00.587019)
2026-03-18 12:02:58,198  INFO      [292/366]  2024-10-18  OK  (548 actions, 98186 MWh, 0:00:01.375459)
2026-03-18 12:02:59,450  INFO      [293/366]  2024-10-19  OK  (482 actions, 47448 MWh, 0:00:01.251375)
2026-03-18 12:03:03,981  INFO      [294/366]  2024-10-20  OK  (2477 actions, 204752 MWh, 0:00:04.531552)
2026-03-18 12:03:06,472  INFO      [295/366]  2024-10-21  OK  (1323 actions, 142058 MWh, 0:00:02.491034)
2026-03-18 12:03:08,358  INFO      [296/366]  2024-10-22  OK  (811 actions, 111212 MWh, 0:00:01.885407)
2026-03-18 12:03:10,179  INFO      [297/366]  2024-10-23  OK  (818 actions, 121160 MWh, 0:00:01.821341)
2026-03-18 12:03:12,584  INFO      [298/366]  2024-10-24  OK  (1332 actions, 150708 MWh, 0:00:02.404543)
2026-03-18 12:03:13,470  INFO      [299/366]  2024-10-25  OK  (271 actions, 21676 MWh, 0:00:00.886291)
2026-03-18 12:03:14,865  INFO      [300/366]  2024-10-26  OK  (615 actions, 84484 MWh, 0:00:01.395244)
2026-03-18 12:03:16,610  INFO      [301/366]  2024-10-27  OK  (767 actions, 79768 MWh, 0:00:01.745161)
2026-03-18 12:03:17,734  INFO      [302/366]  2024-10-28  OK  (446 actions, 25170 MWh, 0:00:01.123048)
2026-03-18 12:03:19,024  INFO      [303/366]  2024-10-29  OK  (549 actions, 60435 MWh, 0:00:01.290176)
2026-03-18 12:03:20,610  INFO      [304/366]  2024-10-30  OK  (784 actions, 83034 MWh, 0:00:01.585931)
2026-03-18 12:03:22,355  INFO      [305/366]  2024-10-31  OK  (670 actions, 105874 MWh, 0:00:01.744323)
2026-03-18 12:03:23,972  INFO      [306/366]  2024-11-01  OK  (539 actions, 64038 MWh, 0:00:01.617607)
2026-03-18 12:03:25,138  INFO      [307/366]  2024-11-02  OK  (343 actions, 45221 MWh, 0:00:01.165628)
2026-03-18 12:03:26,257  INFO      [308/366]  2024-11-03  OK  (361 actions, 32386 MWh, 0:00:01.119347)
2026-03-18 12:03:26,721  INFO      [309/366]  2024-11-04  OK  (14 actions, 100 MWh, 0:00:00.463529)
2026-03-18 12:03:27,231  INFO      [310/366]  2024-11-05  OK  (12 actions, 112 MWh, 0:00:00.509736)
2026-03-18 12:03:28,160  INFO      [311/366]  2024-11-06  OK  (158 actions, 15311 MWh, 0:00:00.929760)
2026-03-18 12:03:29,207  INFO      [312/366]  2024-11-07  OK  (356 actions, 56413 MWh, 0:00:01.046330)
2026-03-18 12:03:30,498  INFO      [313/366]  2024-11-08  OK  (583 actions, 57766 MWh, 0:00:01.290963)
2026-03-18 12:03:31,991  INFO      [314/366]  2024-11-09  OK  (706 actions, 59000 MWh, 0:00:01.493166)
2026-03-18 12:03:33,113  INFO      [315/366]  2024-11-10  OK  (441 actions, 61039 MWh, 0:00:01.121838)
2026-03-18 12:03:33,765  INFO      [316/366]  2024-11-11  OK  (124 actions, 15066 MWh, 0:00:00.652162)
2026-03-18 12:03:34,432  INFO      [317/366]  2024-11-12  OK  (140 actions, 16791 MWh, 0:00:00.667608)
2026-03-18 12:03:35,418  INFO      [318/366]  2024-11-13  OK  (331 actions, 42347 MWh, 0:00:00.986056)
2026-03-18 12:03:36,495  INFO      [319/366]  2024-11-14  OK  (386 actions, 52127 MWh, 0:00:01.076205)
2026-03-18 12:03:38,067  INFO      [320/366]  2024-11-15  OK  (640 actions, 103739 MWh, 0:00:01.572328)
2026-03-18 12:03:40,531  INFO      [321/366]  2024-11-16  OK  (1335 actions, 161037 MWh, 0:00:02.464108)
2026-03-18 12:03:42,344  INFO      [322/366]  2024-11-17  OK  (874 actions, 87407 MWh, 0:00:01.813189)
2026-03-18 12:03:43,921  INFO      [323/366]  2024-11-18  OK  (733 actions, 100908 MWh, 0:00:01.571585)
2026-03-18 12:03:45,179  INFO      [324/366]  2024-11-19  OK  (480 actions, 67932 MWh, 0:00:01.257257)
2026-03-18 12:03:46,301  INFO      [325/366]  2024-11-20  OK  (406 actions, 57614 MWh, 0:00:01.122722)
2026-03-18 12:03:47,525  INFO      [326/366]  2024-11-21  OK  (479 actions, 66368 MWh, 0:00:01.223314)
2026-03-18 12:03:48,474  INFO      [327/366]  2024-11-22  OK  (306 actions, 34003 MWh, 0:00:00.949069)
2026-03-18 12:03:50,380  INFO      [328/366]  2024-11-23  OK  (914 actions, 112427 MWh, 0:00:01.905659)
2026-03-18 12:03:53,436  INFO      [329/366]  2024-11-24  OK  (1840 actions, 204117 MWh, 0:00:03.055710)
2026-03-18 12:03:56,029  INFO      [330/366]  2024-11-25  OK  (1489 actions, 211632 MWh, 0:00:02.593671)
2026-03-18 12:03:57,934  INFO      [331/366]  2024-11-26  OK  (917 actions, 108197 MWh, 0:00:01.904233)
2026-03-18 12:03:58,415  INFO      [332/366]  2024-11-27  OK  (0 actions, 0 MWh, 0:00:00.481746)
2026-03-18 12:03:59,465  INFO      [333/366]  2024-11-28  OK  (323 actions, 37482 MWh, 0:00:01.049412)
2026-03-18 12:04:01,164  INFO      [334/366]  2024-11-29  OK  (772 actions, 93589 MWh, 0:00:01.698822)
2026-03-18 12:04:03,150  INFO      [335/366]  2024-11-30  OK  (1045 actions, 123619 MWh, 0:00:01.986228)
2026-03-18 12:04:04,985  INFO      [336/366]  2024-12-01  OK  (910 actions, 97950 MWh, 0:00:01.835143)
2026-03-18 12:04:06,461  INFO      [337/366]  2024-12-02  OK  (638 actions, 83675 MWh, 0:00:01.475864)
2026-03-18 12:04:08,379  INFO      [338/366]  2024-12-03  OK  (1057 actions, 98839 MWh, 0:00:01.918576)
2026-03-18 12:04:09,320  INFO      [339/366]  2024-12-04  OK  (322 actions, 47154 MWh, 0:00:00.940957)
2026-03-18 12:04:10,705  INFO      [340/366]  2024-12-05  OK  (603 actions, 64464 MWh, 0:00:01.384355)
2026-03-18 12:04:12,355  INFO      [341/366]  2024-12-06  OK  (823 actions, 87096 MWh, 0:00:01.650641)
2026-03-18 12:04:14,812  INFO      [342/366]  2024-12-07  OK  (1343 actions, 182323 MWh, 0:00:02.456620)
2026-03-18 12:04:16,902  INFO      [343/366]  2024-12-08  OK  (1122 actions, 127940 MWh, 0:00:02.090415)
2026-03-18 12:04:18,122  INFO      [344/366]  2024-12-09  OK  (496 actions, 66856 MWh, 0:00:01.219346)
2026-03-18 12:04:18,970  INFO      [345/366]  2024-12-10  OK  (218 actions, 23329 MWh, 0:00:00.848466)
2026-03-18 12:04:19,411  INFO      [346/366]  2024-12-11  OK  (0 actions, 0 MWh, 0:00:00.440489)
2026-03-18 12:04:19,919  INFO      [347/366]  2024-12-12  OK  (31 actions, 439 MWh, 0:00:00.508052)
2026-03-18 12:04:20,348  INFO      [348/366]  2024-12-13  OK  (2 actions, 13 MWh, 0:00:00.429648)
2026-03-18 12:04:21,477  INFO      [349/366]  2024-12-14  OK  (312 actions, 21598 MWh, 0:00:01.128650)
2026-03-18 12:04:24,709  INFO      [350/366]  2024-12-15  OK  (1940 actions, 152521 MWh, 0:00:03.226316)
2026-03-18 12:04:26,591  INFO      [351/366]  2024-12-16  OK  (719 actions, 104969 MWh, 0:00:01.882543)
2026-03-18 12:04:27,999  INFO      [352/366]  2024-12-17  OK  (512 actions, 68054 MWh, 0:00:01.407449)
2026-03-18 12:04:30,302  INFO      [353/366]  2024-12-18  OK  (1235 actions, 158748 MWh, 0:00:02.302901)
2026-03-18 12:04:31,639  INFO      [354/366]  2024-12-19  OK  (565 actions, 89405 MWh, 0:00:01.337370)
2026-03-18 12:04:33,216  INFO      [355/366]  2024-12-20  OK  (735 actions, 108691 MWh, 0:00:01.576724)
2026-03-18 12:04:36,411  INFO      [356/366]  2024-12-21  OK  (2061 actions, 183683 MWh, 0:00:03.194951)
2026-03-18 12:04:39,219  INFO      [357/366]  2024-12-22  OK  (1739 actions, 173127 MWh, 0:00:02.808629)
2026-03-18 12:04:40,322  INFO      [358/366]  2024-12-23  OK  (431 actions, 42405 MWh, 0:00:01.102289)
2026-03-18 12:04:42,057  INFO      [359/366]  2024-12-24  OK  (896 actions, 108992 MWh, 0:00:01.735485)
2026-03-18 12:04:43,925  INFO      [360/366]  2024-12-25  OK  (1008 actions, 124732 MWh, 0:00:01.867425)
2026-03-18 12:04:44,991  INFO      [361/366]  2024-12-26  OK  (302 actions, 17062 MWh, 0:00:01.066965)
2026-03-18 12:04:45,464  INFO      [362/366]  2024-12-27  OK  (0 actions, 0 MWh, 0:00:00.472080)
2026-03-18 12:04:46,514  INFO      [363/366]  2024-12-28  OK  (413 actions, 53478 MWh, 0:00:01.049712)
2026-03-18 12:04:49,606  INFO      [364/366]  2024-12-29  OK  (1882 actions, 243308 MWh, 0:00:03.091429)
2026-03-18 12:04:51,561  INFO      [365/366]  2024-12-30  OK  (880 actions, 85352 MWh, 0:00:01.955326)
2026-03-18 12:04:54,999  INFO      [366/366]  2024-12-31  OK  (2202 actions, 206732 MWh, 0:00:03.438034)
2026-03-18 12:04:54,999  INFO      ======================================================================
2026-03-18 12:04:54,999  INFO      Finished.  Successes: 363  |  Failures: 0  |  Skipped: 3
2026-03-18 12:04:54,999  INFO      Skipped days (missing inputs): ['2024-09-24', '2024-09-25', '2024-09-26']
2026-03-18 12:04:54,999  INFO      ======================================================================
